000000.png,493.10294,504.05066,-837.567,506.69595,481.34607,-795.71674,514.91675,480.35764,-795.6866,522.1994,479.44736,-795.7993,474.94324,484.47144,-796.02844,466.25333,485.3421,-796.25305,458.8069,486.0519,-796.2825,536.5662,484.41205,-549.7332,449.20428,494.66425,-547.12744,511.60245,528.17035,-744.9252,479.69965,532.6855,-744.6992,602.7171,593.5403,-408.5139,399.4415,605.74304,-426.19806,677.3236,733.2991,-698.7645,373.86044,758.8659,-730.9348,560.0799,682.3636,-1077.844,477.34955,699.5917,-1118.2861,528.6637,673.3413,-1157.6515,507.7446,685.39557,-1204.8019,527.45874,649.45215,-1109.0665,501.59406,661.2588,-1154.9213,530.926,651.81537,-1063.134,497.83777,664.79987,-1103.8947,560.2589,834.8645,-1.4971228,449.01385,840.0831,1.436258,679.5457,909.99945,-652.81726,351.92877,941.084,-658.5425,649.5853,1032.1284,48.46935,392.91443,1060.2065,24.591867,626.1929,1050.7538,106.83886,418.4003,1077.0697,79.93675,692.38403,1105.3354,-103.60345,354.07574,1134.6558,-140.25613
000002.png,573.52374,483.8831,-835.1515,588.43823,462.44168,-792.66876,596.6679,461.71625,-792.696,603.94794,461.29587,-792.85675,557.5815,464.29767,-793.6203,548.5759,464.8642,-793.78705,541.80145,465.5381,-793.81415,620.4206,465.51306,-544.76135,529.4327,470.40765,-545.87396,592.08484,506.73923,-742.6577,560.04987,509.44257,-743.5424,681.48065,569.5326,-406.27454,473.6344,582.97974,-412.04904,754.0613,714.5295,-693.9001,440.21313,737.93634,-709.507,640.32666,665.15643,-1056.201,549.7167,679.2038,-1075.179,606.4662,656.50006,-1134.7257,580.6233,666.02814,-1156.8546,604.3666,633.63104,-1090.8041,575.8415,642.0844,-1106.9341,609.60675,635.00696,-1042.9003,571.09656,645.24347,-1060.2972,631.0266,804.407,-1.2719332,522.4276,806.3746,1.1688805,759.1937,886.5988,-630.1307,414.67587,910.58026,-579.4496,716.63763,1018.8785,38.058144,462.64877,1038.1515,41.20563,693.12573,1038.5453,91.96179,487.56873,1055.6138,89.46456,763.6102,1090.1837,-117.92388,414.30197,1106.2473,-126.39641
000003.png,614.2843,479.62253,-893.0057,629.69904,454.206,-849.25366,638.21735,453.53442,-849.21545,646.34406,453.13235,-849.33093,597.4397,456.7441,-850.2345,587.3003,457.4948,-850.4487,580.134,458.16037,-850.46423,664.12585,461.30328,-587.2972,569.6216,465.72058,-588.14636,632.9349,505.08853,-793.8697,599.0552,508.26108,-794.7473,726.2849,574.89636,-437.20938,512.49756,581.165,-446.79324,799.32166,724.0011,-735.2411,470.97763,747.65125,-763.01984,668.45013,670.91254,-1138.1494,588.02814,680.3117,-1174.5316,633.6116,664.0777,-1223.3646,622.99207,665.51196,-1265.1816,628.88257,638.17145,-1173.7866,618.0291,639.0794,-1214.9214,635.435,638.6236,-1122.9863,614.40625,642.5662,-1159.8021,675.4274,821.04553,-6.226016,556.66223,821.85864,6.1907535,793.69257,896.4802,-721.66974,447.4988,918.06885,-700.3749,755.4955,1033.1232,17.319372,490.62585,1038.3733,19.854162,730.9888,1051.8756,78.57673,517.0051,1057.1815,78.45167,797.25867,1108.599,-153.26831,445.39572,1115.9088,-150.55412
000004.png,611.9911,513.0955,-926.3555,628.6523,488.45752,-886.0508,638.56476,488.10208,-885.98425,646.74945,487.94012,-886.11957,596.56934,489.95258,-884.46375,587.0627,490.34912,-884.70026,579.0814,490.61395,-884.6938,665.2373,493.51627,-629.82184,570.1512,498.13123,-617.9184,633.2473,538.0234,-828.4095,597.05133,541.8406,-825.52136,734.2914,607.0329,-477.98587,510.9909,613.60535,-469.0356,799.5301,765.8914,-771.6676,464.73428,776.89856,-797.6553,664.7525,709.66534,-1179.0765,569.25507,720.22534,-1244.0769,629.39575,699.5248,-1265.7876,602.35724,704.8849,-1340.0756,623.60114,675.03894,-1218.9585,599.8869,677.512,-1288.6027,633.13544,676.4346,-1164.6586,596.32,681.4393,-1230.2036,683.1818,860.4615,-8.330863,558.88654,859.402,8.205638,801.12177,945.7563,-741.6264,436.7547,956.7411,-683.50806,766.5051,1073.4413,-5.2854867,495.1895,1080.2632,25.800875,741.92413,1089.583,57.018707,521.0247,1098.2389,84.074425,802.051,1157.3568,-170.35052,439.6241,1157.5511,-131.53926
000005.png,598.31616,533.65546,-982.8346,617.2574,506.8377,-945.3112,628.0913,506.29315,-945.26373,636.34216,506.39624,-945.42535,583.7546,509.32733,-941.24567,574.83954,509.76556,-941.4607,567.7981,510.1378,-941.46063,657.4131,513.7432,-688.80396,560.0236,515.5772,-666.88257,621.0039,558.99554,-883.90076,585.08105,561.6972,-878.18427,730.9006,627.1789,-523.2336,501.21814,631.48816,-495.99973,789.37115,794.7592,-814.8536,445.31534,793.53644,-826.7478,645.7217,734.5983,-1213.9976,554.77075,749.2712,-1278.3987,606.27295,725.95496,-1300.8196,587.6149,731.1244,-1375.8364,606.2834,701.5081,-1255.796,585.539,703.7219,-1320.0566,616.4223,703.824,-1199.2339,581.3472,709.2757,-1262.9319,675.8392,873.59937,-10.182365,550.8809,872.0803,10.08341,792.72577,971.81946,-730.34436,422.187,971.92334,-642.3944,760.3249,1107.9784,-8.072326,482.20712,1102.2545,43.839985,735.85406,1127.804,50.86401,512.29694,1123.8278,98.26232,793.4651,1196.3353,-188.0486,425.30344,1179.3055,-120.07327
000006.png,599.89026,527.9778,-848.14624,619.00165,501.81793,-814.0498,629.8588,501.57413,-813.9903,639.00555,501.68655,-814.13055,586.92993,500.7223,-807.9938,578.28326,499.88513,-808.2174,570.78406,498.8895,-808.2483,660.3805,505.89362,-583.1176,566.6779,503.32626,-552.8748,622.55945,553.36053,-758.6114,586.44464,555.7511,-750.77905,739.53656,623.2027,-445.74884,503.8317,621.49115,-400.14554,780.38086,789.2089,-683.6569,440.46954,787.6621,-678.73804,634.7955,728.5987,-979.07874,553.33527,736.36633,-1036.1112,594.5029,722.6549,-1045.9359,582.9546,720.9433,-1114.6847,594.80225,692.769,-998.49274,583.7375,690.55286,-1059.6876,602.62836,694.0274,-960.606,591.93506,701.01794,-1018.6182,684.1628,869.89746,-17.651691,559.3885,871.65576,17.613466,787.3237,970.19165,-694.691,424.80463,964.45026,-613.68066,764.94507,1101.0366,-23.488134,488.75928,1088.1205,51.282326,741.1821,1118.0657,32.331375,517.9236,1109.6566,105.47954,800.20026,1190.4733,-192.86859,430.17944,1167.7877,-90.34597
000008.png,549.7664,463.09082,-532.7729,570.4426,438.07083,-513.0402,582.75757,437.74725,-512.91797,592.98035,437.92755,-512.92004,539.3234,439.92285,-492.5325,531.8595,439.95837,-492.67484,524.1907,439.8867,-492.6948,618.267,444.91797,-351.66998,524.614,446.0162,-257.28946,574.9324,488.46155,-468.5476,541.05835,489.33038,-442.55338,709.7643,563.9669,-258.81976,479.61032,559.2367,-90.0496,715.51324,737.48004,-304.1765,392.88995,720.05115,-235.16206,556.88165,664.4601,-354.4181,468.4558,658.2477,-490.89163,514.9091,652.8679,-367.3851,485.0033,635.524,-530.9896,515.41125,627.177,-335.4252,497.0775,607.07776,-485.11203,528.2599,629.80945,-332.44653,504.75095,610.9676,-474.96225,668.21185,811.8188,-43.732876,547.0581,815.5765,43.700153,737.5642,913.0781,-708.6455,392.82645,882.09045,-435.2435,736.2708,1054.3395,-128.8035,473.73764,1019.83386,86.914055,720.35065,1068.6196,-79.416534,507.16016,1045.9972,130.00058,748.2702,1149.6261,-303.90326,403.50256,1090.5366,-43.77439
000009.png,551.5099,450.33206,-689.44275,571.09894,420.0305,-683.30347,583.90533,419.30566,-683.08984,595.49,419.1821,-683.0796,542.5053,419.68796,-655.74945,535.70764,418.5216,-655.8989,529.35913,417.6993,-655.9163,624.8122,425.33997,-546.0042,534.67737,424.61127,-420.8845,576.3031,476.9754,-631.34045,546.35913,478.9418,-595.9951,726.37946,554.43085,-473.2459,495.11243,547.6373,-238.29582,714.2785,732.1091,-612.0651,398.76825,709.2639,-446.98306,544.9467,652.95526,-750.9977,436.48923,659.2565,-834.0491,502.7434,642.32465,-794.4918,444.71237,640.85596,-902.8457,505.68036,616.7925,-764.26733,457.60254,617.22076,-861.3145,517.6939,619.6132,-733.4241,466.8425,618.74524,-825.6047,694.92865,810.79486,-60.056812,569.5351,808.562,59.845966,742.6945,913.32416,-714.2455,404.27353,874.97473,-368.99484,742.7874,1056.5845,-158.12846,486.9703,1017.8493,122.863686,734.38306,1074.6167,-110.10724,518.6416,1042.9406,163.16046,744.4882,1161.3694,-321.6349,411.89178,1086.8937,11.350288
000010.png,533.3363,428.58347,-683.6421,550.2623,399.0983,-681.91016,563.5226,398.9291,-681.78156,577.168,398.66812,-681.8046,525.5395,398.12216,-646.3987,518.3428,397.27393,-646.52185,511.45953,396.4654,-646.5761,611.31604,406.23276,-558.3663,519.6711,402.4331,-396.56976,554.43256,458.26788,-630.2497,527.9597,457.80103,-584.0535,717.86237,546.85767,-517.3296,490.6779,527.58044,-199.02914,674.10754,726.54395,-671.2202,378.55084,686.66235,-438.30582,485.8202,637.4125,-808.2521,413.37402,631.86084,-855.4071,440.03036,626.5577,-866.9109,399.83768,612.19415,-935.56934,446.22873,598.2728,-845.94714,425.58337,582.9593,-906.4379,460.52,598.89764,-796.1066,438.90247,585.37555,-855.5836,702.63196,799.3834,-83.17551,573.80273,797.14496,83.09245,713.93964,913.0795,-714.47705,389.93692,859.15643,-325.9614,740.3683,1053.2137,-101.053116,484.5039,998.08527,218.98085,743.4921,1064.9694,-46.36636,524.928,1027.3146,266.67984,723.1239,1164.4419,-235.09566,413.8337,1070.4028,138.68428
000012.png,463.201,385.64706,-694.0844,485.9011,354.37854,-711.5414,500.68048,352.96143,-711.3496,515.4971,352.1307,-711.42633,460.2762,355.56995,-657.62897,455.21732,354.77457,-657.77856,450.46066,353.58716,-657.79895,557.9984,365.34283,-655.45685,481.69214,361.54382,-409.88043,481.90198,417.26242,-664.25165,461.7938,416.4342,-593.20526,677.36163,522.4062,-668.001,455.08746,500.85468,-189.05281,571.0672,729.15936,-826.35724,354.82202,628.4829,-439.79593,380.97348,613.7224,-892.7488,320.2494,598.1534,-948.2077,328.4412,607.4998,-957.9917,291.60306,579.1593,-1042.5465,338.4574,565.60767,-943.3251,302.28247,554.2809,-1027.7443,355.87808,569.3754,-884.8719,316.55896,557.72906,-960.11456,707.2189,801.69836,-127.54786,573.82416,790.5974,127.37917,626.19354,925.9034,-778.05255,377.2206,836.6771,-168.45102,703.2848,1085.5824,-152.96655,489.3198,987.6925,380.79022,732.01013,1105.5006,-93.81296,534.8328,1014.6282,432.6103,656.67236,1205.6749,-268.0387,399.1037,1060.6962,345.88422
000013.png,434.41925,383.14728,-624.54877,460.9041,350.68698,-643.1214,476.88278,350.06,-642.8853,492.62912,350.68713,-642.91345,431.9759,351.32864,-588.4887,425.9835,350.26587,-588.649,420.841,348.90158,-588.6541,541.3584,370.11096,-590.08563,465.6796,359.4508,-346.48026,459.98846,421.37402,-596.97345,439.28333,419.6376,-526.42004,657.3333,546.40125,-626.7546,454.64645,503.5342,-123.09742,517.9376,750.8945,-734.5121,348.84277,621.95233,-351.3368,341.64157,639.26324,-735.0,291.15143,591.1583,-833.7975,293.43787,622.89404,-795.38666,256.25244,567.9199,-922.1857,300.7745,585.5377,-788.8298,276.44525,551.3831,-910.46716,319.98273,590.31604,-730.3652,294.4134,556.8067,-845.41144,723.1019,836.06805,-151.76431,594.61334,806.65375,151.57835,583.13055,969.87604,-729.93005,370.7258,835.8213,-29.38868,693.9089,1135.632,-173.14749,504.26028,1004.71985,333.5825,733.3707,1157.6853,-112.778984,550.6437,1035.542,371.35727,631.98126,1258.41,-190.0105,396.30905,1065.2377,338.4069
000014.png,386.0968,363.96463,-546.29156,413.85178,329.3269,-580.67725,427.57065,327.7962,-580.632,441.87204,327.84177,-580.83966,386.23694,333.6823,-518.84766,380.0091,333.94437,-518.968,374.63522,333.7052,-518.91223,490.3484,346.25885,-574.77484,427.44714,341.46194,-305.6476,413.09943,402.6401,-536.74744,391.0227,399.1236,-458.5847,591.2485,544.20105,-658.3742,445.39676,493.41293,-39.724365,417.87698,743.5311,-679.6117,325.29034,618.4208,-249.22278,260.2011,603.3024,-490.62512,243.05792,578.3975,-770.73706,204.37895,573.6168,-531.55347,199.67197,551.01843,-855.86755,222.65918,548.6684,-543.4708,218.04834,534.3646,-849.9233,248.38966,557.4045,-488.57648,238.29758,540.94666,-786.99365,707.91223,860.7853,-171.81813,597.2812,809.5894,171.52412,493.4339,965.0987,-571.7236,348.7386,811.99194,193.91241,646.6894,1152.3702,-118.629585,499.77014,1002.79224,447.6566,694.5985,1187.0691,-62.90165,550.21783,1018.6827,474.5955,561.5118,1269.2263,-39.26824,395.60095,1064.5404,513.0171
000015.png,378.1955,394.3052,-464.49246,396.83133,358.52017,-512.0717,406.89612,357.40952,-512.13007,418.70346,356.48593,-512.44635,381.80383,359.72946,-446.15955,380.22195,359.2024,-446.3269,379.06192,358.2397,-446.36554,475.55212,369.6507,-548.48486,435.54724,363.647,-260.5055,404.90158,430.01398,-468.53302,391.30505,429.0374,-384.71805,578.1525,573.0189,-637.2315,468.96097,513.3144,3.484715,370.35114,759.2472,-619.0886,341.0594,648.72345,-129.04408,231.30989,615.0743,-365.6529,224.86786,587.58936,-540.9928,180.54015,586.8041,-398.9238,187.33846,560.749,-607.56903,200.52197,563.6434,-412.2156,205.4093,547.03357,-606.5927,221.21823,572.9925,-362.7637,222.68932,554.0618,-556.5739,711.2221,906.0375,-179.91968,623.2284,836.70087,179.73698,448.44345,990.9838,-421.20053,365.5603,815.1081,351.18112,627.3941,1197.2816,-43.938732,521.30145,986.3159,613.1374,677.3588,1224.8895,5.8406935,583.6914,1010.88763,643.01086,531.93555,1297.1334,79.18426,443.81604,1075.5737,738.13043
000016.png,367.3467,385.17706,-347.73578,387.29016,349.88068,-414.3813,394.28268,349.0433,-414.56363,402.02768,348.2341,-414.90222,380.31693,349.52832,-328.8315,382.1543,348.28583,-328.95413,384.7601,346.35522,-328.98962,451.32214,361.64075,-534.35315,435.09586,353.8944,-157.76495,392.7834,419.88504,-384.65094,383.08813,420.089,-275.01398,552.72284,586.51984,-660.3019,484.80756,523.45667,104.14191,320.34473,747.4378,-606.80597,335.2812,656.9562,75.348015,189.32722,602.11597,-338.69324,200.408,574.60864,-229.37032,153.33997,570.1253,-392.17377,167.49504,543.58496,-283.41934,173.02298,553.2825,-410.39862,182.31642,530.08734,-297.5469,189.89638,563.62036,-339.02274,200.23424,539.86646,-248.60352,711.6151,956.4187,-212.14992,641.2572,881.24805,212.43518,406.61694,1026.5167,-375.71133,384.7318,833.75165,482.95816,595.6645,1246.9766,-60.423145,561.26526,1038.2611,766.8824,649.0362,1284.2919,-15.597545,599.9562,1041.4167,799.7915,479.4427,1342.3956,54.26888,477.83414,1100.58,899.7965
000017.png,307.2849,379.5675,-280.43768,324.97003,344.82526,-357.84503,329.5542,344.63242,-357.9852,334.688,344.44736,-358.2996,323.90536,342.26178,-264.85455,327.50687,340.2582,-265.0435,331.5547,337.92545,-265.09293,385.9975,357.73608,-513.63995,383.10635,349.25372,-104.536804,331.78198,414.74728,-329.25095,329.52573,414.7866,-210.08221,476.5997,579.6654,-682.3619,467.96207,527.85004,191.13,229.42354,734.537,-553.8559,284.74155,658.5029,166.86975,137.09393,578.6749,-107.27426,170.05937,565.4829,-137.83533,106.64317,546.44324,-136.22707,140.36047,531.9167,-192.79103,131.25513,531.1338,-175.19574,158.1316,516.97906,-189.65143,147.81374,543.54694,-109.52775,170.24261,526.4622,-150.17683,650.6199,985.189,-245.56429,611.6026,905.9119,245.84567,327.87253,1010.8699,-276.96555,363.27994,823.1251,712.9696,524.7998,1252.394,36.915916,511.26315,1037.5016,1072.685,578.96814,1285.1664,82.65449,550.89014,1068.8492,1111.9023,397.18692,1332.4324,177.449,414.39154,1068.8312,1239.358
000018.png,296.92252,370.24188,-263.61752,310.63724,339.67517,-345.6585,315.24976,340.02942,-345.7593,320.434,340.01575,-346.0144,309.66632,337.06958,-252.9342,313.36017,335.59323,-253.15701,317.60107,333.74933,-253.18338,368.7493,349.36426,-511.8895,367.3147,342.09818,-103.74991,320.79315,406.23746,-314.04965,320.27362,405.28906,-195.2937,446.60547,562.7029,-687.3494,473.79898,514.6843,207.13884,191.60287,712.354,-545.7867,283.34015,648.64874,196.00644,124.29313,549.1373,-62.50651,176.57242,536.1084,-66.86902,107.838,512.2814,-87.61106,152.9797,502.6375,-117.136765,135.57608,500.57947,-139.45392,172.99895,488.6936,-98.97069,151.71204,515.4427,-68.69129,185.21632,499.34915,-72.33951,635.18634,966.5234,-263.33878,622.1131,894.6339,263.6982,294.10245,983.9532,-304.54428,373.79382,789.9712,854.1767,482.62677,1234.0034,-73.32154,488.8481,1013.1066,1313.1047,534.24786,1274.8346,-38.31231,511.94757,1063.0801,1361.257,346.9009,1304.0219,1.0591501,376.0763,1060.1024,1476.2954
000019.png,296.7597,323.09045,-214.082,307.86523,290.31503,-302.85852,311.48386,290.94843,-303.00543,315.36655,291.44766,-303.26974,307.53952,288.4286,-221.7375,310.76736,287.7555,-221.93349,314.54236,286.66586,-221.98013,364.1062,304.91083,-489.658,371.177,297.43927,-132.37392,320.14807,361.95007,-267.4677,320.56033,361.83295,-163.06146,410.45657,529.4488,-639.79,500.4825,475.70883,177.26561,157.64926,667.32007,-432.29166,323.66623,615.9884,397.73157,139.3717,503.57346,68.58683,207.87051,507.93503,430.59497,119.268745,458.95038,45.201206,164.05241,461.62073,410.11603,161.65375,458.06232,-19.990993,193.13704,457.50766,407.548,178.69337,472.33862,55.310764,218.74887,476.93256,425.3353,613.89,959.30457,-255.84964,641.2262,886.3253,256.46182,266.7702,950.03235,-199.54239,352.39505,854.2982,801.4104,443.2449,1198.0428,181.67235,478.46957,1066.9188,1272.734,505.54224,1260.7086,235.26372,536.5075,1106.4019,1324.827,310.0802,1262.3163,356.18256,367.42313,1115.3046,1463.2733
000020.png,286.62033,333.6122,-82.55812,288.2718,296.7421,-181.25171,291.21017,296.7976,-181.29703,294.45004,296.79813,-181.43837,290.97568,294.24924,-112.56351,295.64917,292.6022,-112.72309,300.98325,290.75854,-112.84178,339.67636,303.20566,-413.42294,351.7717,295.69382,-108.17081,308.4068,363.13986,-149.71379,312.98837,362.26068,-60.263233,380.77817,512.5156,-531.58936,514.4492,442.91055,148.44788,130.30563,649.1728,-329.77652,356.8513,586.6642,433.14603,126.31863,480.94403,96.023,226.3457,484.37555,516.0162,107.43203,426.6914,78.4439,181.11223,442.02072,499.78128,161.87735,433.82596,16.355639,205.11235,444.3932,487.15048,179.42143,450.47635,81.95554,223.56012,458.13513,509.4405,560.53766,942.96155,-223.52115,642.8317,879.7029,223.4895,229.21776,923.681,-160.98572,409.5581,796.04376,739.93146,404.653,1180.1074,160.92569,524.8991,1043.0609,1173.114,461.80728,1238.4576,207.06874,575.9652,1095.0947,1220.1582,265.0728,1239.9528,321.0601,405.73257,1136.4288,1351.6755
000021.png,298.9542,273.7231,-70.913704,304.95782,243.70033,-172.1656,304.9205,244.81894,-172.1554,305.04422,245.997,-172.20412,315.2966,239.46762,-108.04508,322.91766,237.68349,-108.15457,331.64844,235.77089,-108.226295,336.60284,255.57324,-407.09387,372.71356,245.50082,-125.858,313.25708,307.21744,-135.84691,326.00168,307.03406,-53.960915,344.05685,466.14517,-559.91534,522.561,405.7098,147.54924,121.72796,582.36365,-280.40598,404.5333,510.7124,503.8229,156.9998,427.63098,261.98334,257.47766,433.9982,675.4146,163.95305,383.01556,251.78122,218.34198,397.0142,675.588,196.05356,386.0066,186.65784,240.41647,397.07034,662.70514,206.63835,399.83997,250.30705,253.22202,407.42563,671.0698,525.05084,887.28894,-240.09833,638.90015,835.0002,239.33081,216.28983,871.202,190.3469,483.7306,818.5867,1059.2732,375.01617,1124.7793,423.0431,562.5397,997.13,1437.391,433.56738,1187.9198,465.6215,645.68256,1025.4149,1484.0059,234.52873,1173.7787,591.03424,510.9148,1073.0996,1614.4755
000022.png,347.7928,292.7502,-66.943825,350.14145,261.89105,-160.13057,348.42813,263.31424,-160.10643,346.62192,264.7492,-160.13513,363.82883,257.63855,-106.1243,372.59598,256.05984,-106.226135,382.26575,254.23537,-106.315125,369.54572,277.7909,-376.00903,419.18787,267.51172,-140.15979,355.4234,325.80008,-124.47559,369.35208,325.3732,-55.803013,357.8089,479.81647,-507.38782,562.47253,429.2716,103.96407,158.60725,575.0448,-245.89644,440.78604,545.55005,453.7915,222.33713,438.26804,241.98027,318.79044,449.23288,667.5481,233.61206,402.93378,231.57912,284.13104,419.30228,672.97815,256.79922,405.04407,176.3754,302.6064,418.47025,661.9162,264.37622,417.37454,232.95372,313.9635,431.07983,664.7776,519.24194,893.58325,-206.28088,655.0196,853.4012,205.0745,241.06288,858.03204,410.0121,542.85535,831.7123,1035.4148,377.82318,1113.2157,689.1454,591.8343,991.2727,1362.5165,428.61548,1174.1647,737.3799,679.1507,1035.4861,1405.2035,248.84375,1152.7886,879.2643,561.5389,1067.7302,1528.2471
000023.png,383.3437,275.3109,-24.505518,382.15454,248.36896,-121.3264,376.96967,250.58658,-121.250626,371.34225,252.98532,-121.2666,403.12616,242.3802,-82.51993,413.19565,240.70284,-82.62577,424.04984,239.02307,-82.731575,377.8331,269.64758,-363.7999,450.84146,257.2308,-194.92052,379.89383,311.09592,-90.787155,402.6487,309.47263,-41.578953,354.6012,482.9748,-486.86035,573.94336,429.25534,8.4914665,181.76427,555.5898,-204.10849,467.12665,508.24237,360.79312,263.4006,444.19003,291.71097,326.157,422.37128,617.0783,277.2843,410.46298,287.3576,301.9701,394.94293,621.1255,296.82022,412.30246,233.88559,318.05875,391.02838,617.1277,303.1315,423.09512,282.33627,329.08566,404.7524,617.35345,510.61682,897.612,-192.48053,652.09357,864.23596,191.15582,240.30302,835.31885,487.29227,551.36847,810.1415,1079.3031,360.97797,1103.383,756.53284,604.9407,989.53937,1428.9955,402.9964,1165.4124,806.2812,667.7874,1042.7019,1473.7843,255.3148,1123.4315,963.44104,574.2562,999.9651,1608.8298
000024.png,427.64505,255.00716,58.48149,417.7624,232.45206,-36.473186,409.3804,234.9373,-36.48246,400.50635,237.59468,-36.557487,445.41394,226.86545,-8.268533,456.06293,225.93887,-8.312314,467.0165,225.06369,-8.467156,393.05203,255.20256,-298.28366,484.53937,243.21098,-176.23395,417.86887,288.90106,-16.137407,448.36417,287.40686,19.266336,352.49673,470.30865,-443.94894,580.17017,429.6291,-32.435223,200.47462,541.46814,-240.91252,486.8244,506.06357,256.0707,298.18167,446.99606,149.57814,362.60825,428.7139,515.8718,314.29276,410.91757,141.0689,353.1524,401.90683,533.3098,331.7347,412.89374,104.77285,353.36166,404.16785,529.7909,335.32483,428.19327,144.38751,331.5954,414.4495,517.6646,500.79254,879.9923,-159.31543,643.8829,848.85626,158.31903,252.49338,810.6287,447.3083,598.15045,828.4282,971.1439,358.8045,1085.774,753.56226,642.36566,1009.68097,1330.7933,391.56375,1138.1227,805.82367,658.8475,1061.1714,1377.9647,272.0825,1077.6497,960.424,607.2938,1061.2167,1505.4541
000025.png,441.63898,263.60196,148.05498,428.8495,241.203,55.650803,420.41943,242.9634,55.63446,411.7983,244.9015,55.59444,455.67035,237.79391,73.56518,466.12372,237.40562,73.529076,476.99356,236.71034,73.35866,400.76355,265.9006,-215.44702,493.1661,253.03769,-139.27971,432.48773,293.63828,69.13457,461.35547,292.11615,91.37994,341.14835,467.8949,-368.57086,591.1456,426.12576,-48.96687,228.08064,542.66516,-163.26547,548.3888,493.14725,234.41383,336.93948,468.73846,228.97997,465.18835,444.16113,582.0589,354.7881,445.05182,230.52454,454.9598,442.20154,615.5941,367.5844,445.7226,201.2069,443.0963,430.86496,619.11554,368.9613,452.94193,226.8129,440.10114,432.90857,590.5251,476.4453,870.91174,-128.86736,625.0391,847.04,127.610954,265.60257,798.2729,454.32852,625.7091,831.2277,856.67737,350.55362,1067.9927,688.83966,658.6137,1015.45795,1135.8317,379.09146,1117.9343,733.8369,664.9347,1060.3185,1174.4174,271.81223,1064.5583,901.6834,634.62885,1017.30194,1314.0902
000026.png,462.72363,251.64024,191.35728,449.54694,230.67386,100.619995,440.42947,232.63647,100.624016,431.2042,234.50586,100.64458,476.703,226.72125,119.61178,486.4963,226.1518,119.55719,496.97827,225.24187,119.36514,421.70853,253.4986,-167.34555,514.41876,241.40018,-83.66429,450.55563,282.5607,113.11951,482.89026,281.91736,138.07933,351.15326,446.63754,-318.9055,621.8338,415.61053,-24.781776,277.87262,539.0684,-82.5433,609.7026,574.4763,306.24905,351.5105,462.31293,381.7059,521.3138,512.5996,770.17114,348.69446,440.44324,414.17303,511.95505,506.0686,839.66675,377.29153,434.1142,407.7366,494.23944,494.1474,855.91895,382.80334,444.99838,391.61508,491.87262,496.0526,786.90094,465.62457,857.42737,-92.31576,632.131,840.56995,91.0991,293.7015,764.9915,605.33435,663.65906,729.48145,811.8659,360.1875,1048.679,765.51544,692.9545,1010.50793,1023.7938,385.4454,1097.7191,807.5895,697.99664,1060.2703,1061.2538,289.1569,1036.7104,1030.9192,678.5508,1015.42865,1284.366
000027.png,450.2532,264.70224,344.62863,436.4034,241.61104,245.80566,425.9555,243.32324,245.91237,415.60358,244.98825,246.07616,465.61905,239.22238,245.09328,475.69302,239.26408,244.90334,486.9209,238.93832,244.64142,401.61288,264.53088,-48.00318,501.3876,255.5781,-50.594387,437.95303,295.67935,260.0661,470.28687,295.5551,260.2054,315.9763,457.67923,-105.12524,600.9082,438.74292,-116.967606,316.94608,583.63916,202.4282,601.6256,601.2416,67.802315,394.30298,509.69305,589.5737,523.04956,551.1522,377.30646,397.834,505.1921,613.89667,518.5252,550.448,410.67822,422.0157,489.17188,609.3087,497.4213,536.99615,407.32855,430.1777,491.46365,593.5272,491.4382,537.9429,382.18567,405.85767,877.9976,-13.175003,567.28625,869.8174,12.423672,278.9326,755.04065,777.0387,675.87915,742.29376,824.7443,326.83295,1030.8616,917.6555,666.445,1025.9424,1084.5502,340.12537,1088.4984,958.13574,659.6258,1081.9233,1131.113,316.51233,1037.0939,1174.5349,676.64984,1028.9186,1371.5215
000029.png,579.3933,195.8072,285.92725,566.88104,174.00404,220.45326,556.91815,174.98972,220.50566,546.9568,175.70337,220.57414,593.8997,172.16978,198.06581,602.6555,172.21252,198.02177,611.931,172.2685,197.75642,531.4394,193.87515,32.999146,623.5591,188.58752,-67.619804,565.0625,222.64177,240.42389,594.5815,223.64548,212.0546,433.9167,366.16248,120.19379,689.9674,366.10077,-189.38889,506.26364,438.35428,525.61304,754.5004,471.49432,125.78366,548.59735,351.8026,948.7257,675.8738,384.00073,747.54736,542.43896,343.6001,1020.7082,662.0745,361.9286,811.20374,555.75476,336.03726,1019.20795,649.8912,351.52844,814.31903,566.01685,341.32556,959.7452,651.48364,357.293,764.59796,453.385,764.9833,149.84106,600.8237,780.01447,-151.12161,431.3339,709.3503,1001.9442,780.95044,708.9911,409.54617,413.7398,940.19635,1275.1008,730.7449,975.9818,624.96466,405.86414,985.8231,1315.9714,704.94116,1033.776,664.15796,451.4623,975.1322,1453.509,801.1136,976.1545,826.8339
000033.png,843.9339,343.5022,56.55995,833.3406,310.42218,37.25302,823.47046,307.03464,37.32104,812.5628,303.07605,37.399357,849.1026,314.35062,-23.535585,851.505,314.87143,-23.638697,853.59894,315.1795,-23.7877,784.78613,309.9984,41.492138,839.031,323.77448,-231.67456,824.0752,367.99747,77.55587,839.2497,371.4722,-1.3478297,637.7319,458.2289,278.3421,832.6762,492.79462,-388.56558,773.458,575.62854,641.53015,994.1285,609.7706,-174.24445,849.988,466.97852,943.529,935.73224,488.31012,436.23978,848.1354,429.5564,1022.2603,943.09717,455.06073,469.1546,866.5802,440.71408,1024.1914,916.6541,457.12167,495.28348,859.4688,456.2663,952.67316,908.8098,467.64294,463.37094,579.3158,873.5691,224.4823,691.06396,901.418,-225.3203,650.02844,853.68475,951.4392,979.5337,877.50464,157.38907,603.866,1017.0115,1217.5488,848.8253,1132.0319,381.41278,581.7716,1069.2708,1254.489,804.4942,1181.7474,421.79956,653.9925,1089.6139,1369.9644,960.69604,1160.0973,591.9546
000034.png,808.68304,403.828,-0.49383655,798.3846,368.49237,-8.443711,792.5991,366.26978,-8.470337,785.8761,363.5246,-8.419865,805.73224,370.38556,-78.27045,805.62134,369.87042,-78.381256,805.108,369.17535,-78.46346,746.09344,362.75882,27.962841,780.11273,374.28583,-284.68475,790.5215,426.1417,29.626213,798.79205,427.8518,-61.053,589.6481,511.60458,288.60626,763.6534,540.0949,-453.05527,697.60565,622.1832,657.19574,931.89545,657.8325,-278.5003,816.5217,532.477,895.836,902.56116,522.8179,285.82703,835.5966,498.03656,952.05273,917.6622,482.6048,300.3406,834.00604,495.40958,938.28424,889.54803,483.89224,316.08865,826.78326,507.77057,895.68274,874.1625,499.24393,307.6394,507.63074,919.16925,249.30884,612.54663,950.38715,-249.87999,627.14624,903.5801,946.34033,911.17584,938.0138,35.525032,550.6454,1049.7018,1270.817,768.6116,1183.808,292.29187,520.9559,1081.616,1311.2921,724.5716,1227.8927,335.19635,581.9078,1095.9429,1417.0432,884.7942,1214.79,493.19388
000037.png,775.34143,414.76617,-107.1575,770.30725,379.91156,-101.42647,766.36194,377.77463,-101.65128,761.6101,375.38336,-101.82,771.40515,381.3433,-177.03094,768.95593,380.23343,-177.16666,766.1306,378.81055,-177.21477,719.67163,374.9501,-7.563109,735.0791,381.36252,-342.89474,756.2774,436.88187,-58.957268,757.9074,437.1509,-156.29054,586.5522,530.92847,261.82315,685.941,559.97833,-497.74133,737.3407,636.0719,458.49594,885.58386,696.294,-415.74734,865.4684,538.4406,471.0516,908.9551,534.54474,7.2094955,887.07135,507.80685,482.94254,945.5618,503.44058,-14.5324335,869.86743,504.38208,486.8612,914.3962,500.52063,-3.4838233,857.6712,515.98535,468.94894,895.20557,510.31082,18.886913,472.716,893.6478,254.24062,500.611,943.7528,-254.02103,713.66016,891.7455,661.8174,817.08734,960.95294,-139.07715,619.4007,1101.5836,1070.9664,656.9877,1198.1538,242.64436,568.3135,1127.7052,1115.761,601.2968,1242.5494,295.81067,691.1097,1175.6908,1184.8513,772.99567,1257.3998,411.34857
000038.png,784.9598,421.48114,-200.97383,777.6777,388.4844,-187.83617,774.32965,387.19025,-188.14482,770.4128,385.8269,-188.41972,776.25415,388.8752,-270.25638,772.2954,387.72217,-270.47208,767.5442,386.22333,-270.52225,726.219,387.3801,-57.363518,729.2577,389.79675,-423.03058,764.6207,446.0756,-139.15427,763.065,445.63098,-244.72153,597.5552,533.74646,219.74503,651.8804,573.2411,-572.14685,746.5328,650.28265,327.12375,854.6413,724.82745,-503.8308,884.29987,540.18994,186.38205,919.5094,551.24884,-96.36761,911.94763,513.21466,163.96927,957.4161,520.7781,-132.45436,895.47845,509.74805,168.53676,933.2104,516.14844,-125.794495,879.99506,519.3165,177.92918,915.2269,525.7441,-86.94751,472.9244,902.4543,257.98447,468.6668,954.56226,-257.44662,727.7896,872.31525,650.4133,791.51605,983.68286,-175.48167,654.49084,1057.7491,1085.5188,629.0161,1223.8374,260.754,608.99005,1084.6647,1133.0916,572.2304,1264.3629,315.88885,729.8599,1114.479,1215.5446,753.9724,1283.9125,401.60422
000039.png,758.9285,403.79855,-238.67247,751.6707,371.25687,-220.4966,748.6226,369.71884,-220.80106,745.0023,368.03186,-221.05472,748.47626,371.92343,-302.25107,743.6,370.78125,-302.47546,738.0082,369.25696,-302.4946,698.286,369.93375,-69.13208,698.4219,372.46588,-433.00903,740.6007,426.919,-170.64508,736.93976,426.80283,-275.4438,594.19604,517.8328,203.51443,611.01166,549.87,-573.4582,758.8841,659.2107,253.32707,799.1238,702.7748,-498.46323,871.5936,529.2452,5.619331,884.3648,547.29926,-84.56942,899.4875,502.9471,-39.350918,919.9116,517.7701,-115.50669,888.4174,493.6717,-30.385498,900.5347,504.7855,-114.46737,873.4768,502.04773,-4.329198,884.74426,512.92737,-75.657814,468.44406,866.2483,256.5746,432.80927,924.5446,-255.9644,701.80676,823.94507,670.11304,738.80334,969.0586,-247.79172,602.35254,1000.9314,1085.3418,576.79047,1198.5898,126.951385,556.79987,1021.1711,1131.38,524.9397,1235.674,174.65247,663.13855,1053.9364,1210.6749,699.2611,1266.4272,237.7658
000040.png,765.15247,408.5578,-241.44655,758.8026,377.25003,-219.85855,757.2932,376.75122,-220.13962,754.92566,376.0826,-220.39244,750.9971,376.51755,-299.9694,743.3805,375.24222,-300.17325,735.2907,374.1549,-300.1822,705.76556,382.15518,-59.901733,686.4569,381.16122,-414.81152,748.8648,437.60434,-171.7359,740.65936,434.6554,-274.04404,639.2524,538.28546,184.47534,592.7351,562.03546,-538.4803,785.02045,628.6403,138.24582,793.4132,712.99335,-480.11447,901.38116,548.68616,-221.09393,900.2489,568.9296,-133.20111,924.03064,521.17993,-278.64124,932.11053,537.1209,-169.17827,911.6239,509.3177,-258.68155,913.4251,522.8199,-169.8048,896.6113,518.3412,-227.95984,899.3785,532.05963,-126.07425,491.95782,867.6527,238.63779,441.42117,925.9372,-237.96571,718.73193,791.8945,575.79144,735.7871,975.52783,-215.24812,615.5397,989.79517,915.2156,569.93536,1197.7866,159.02565,567.923,1009.4353,954.3106,519.601,1230.1128,205.67134,677.47845,1048.2433,1028.5848,688.9755,1275.7769,255.15767
000041.png,741.2683,405.4181,-288.94757,735.06647,372.01016,-264.81888,733.6474,370.95135,-265.13638,731.4708,369.64993,-265.42938,725.18005,372.80176,-345.87036,716.50323,371.99414,-346.084,706.98505,370.8982,-346.10474,681.39996,373.02887,-101.54541,658.7617,375.7805,-458.00504,724.1274,434.43362,-219.00383,714.3123,432.0447,-321.54034,614.7843,527.33264,131.01125,560.8522,566.01624,-582.906,765.0702,613.808,44.138565,756.4286,722.28357,-559.88617,887.9783,550.52374,-359.9088,877.04297,579.3622,-276.1129,917.7393,522.5851,-427.3393,921.0828,541.4511,-331.1979,900.87115,511.13043,-417.51288,898.8994,524.65356,-328.68524,883.2794,519.86584,-372.8446,879.2329,535.76245,-271.06946,469.77734,854.25586,243.08482,416.8534,917.3501,-242.29378,717.2641,786.66345,470.39194,695.0563,982.6609,-235.95987,581.80536,983.5468,728.1978,533.31006,1200.1812,207.3502,531.1584,1002.6748,759.0147,484.97876,1228.578,260.668,645.2833,1045.4479,830.7398,646.74835,1277.9425,334.77408
000042.png,695.1324,405.0962,-350.3349,689.161,372.59662,-320.8707,688.61127,371.6234,-321.20157,687.28046,370.3616,-321.58203,677.72736,372.03616,-398.4317,668.7817,371.2456,-398.58963,658.2821,370.23193,-398.5482,636.24225,378.559,-142.64348,603.1364,381.13443,-480.86957,683.0693,435.97363,-276.79675,670.8877,432.51797,-373.8013,604.4318,522.0571,80.61859,490.14053,555.16754,-602.38544,741.33344,624.4906,-56.044453,698.65204,732.67645,-607.9621,843.73865,565.7853,-536.06464,822.8263,588.05237,-337.82324,879.25946,541.49835,-621.65063,862.90424,557.2707,-384.44385,861.75964,529.481,-598.1032,846.863,541.2213,-390.5027,842.91113,538.3739,-546.5006,827.98413,549.53876,-334.19803,461.37402,833.22736,227.97379,380.34573,893.4073,-227.19196,705.84753,781.53534,374.695,633.94244,987.31805,-372.0661,555.34076,979.9386,687.87585,490.76038,1185.1804,23.067995,501.07742,994.7474,722.07806,442.20822,1215.933,71.083145,610.4842,1066.7487,769.1404,584.0759,1275.073,112.05001
000043.png,635.60297,427.67746,-412.12698,634.52216,396.2571,-375.82034,634.91095,395.08243,-376.13742,634.71625,393.63956,-376.50037,621.4485,395.4527,-446.39008,611.5027,394.15167,-446.5207,599.5303,392.93152,-446.43094,587.7262,394.26428,-166.40111,546.9497,398.64108,-472.16507,622.77234,455.2024,-328.47873,607.4978,452.74185,-416.47958,564.48773,519.4717,59.38568,438.83453,561.348,-599.3567,716.82544,606.25226,-133.06387,626.1918,736.60254,-640.1886,787.0681,568.88947,-649.693,756.8289,587.34125,-354.51355,826.50745,548.9855,-741.36206,795.4361,564.07715,-389.06137,807.93195,538.5935,-708.8302,784.9672,550.9463,-400.6813,789.34424,546.4276,-657.4672,770.8961,556.05066,-350.73557,435.4655,827.69037,205.52194,342.7068,886.1234,-204.868,677.98676,802.4262,202.78659,565.07086,987.32153,-506.56845,539.2241,979.1976,585.42993,437.0464,1163.8076,-169.86891,488.83502,995.4076,625.49207,388.55466,1190.6035,-130.7634,611.8426,1046.1935,630.58997,522.19104,1255.487,-152.87364
000044.png,636.2069,409.38242,-538.1448,637.442,375.0147,-497.0666,639.2073,373.5354,-497.3932,640.2425,371.76123,-497.74176,620.7754,377.36108,-566.91046,609.455,377.02457,-567.082,596.4564,376.39914,-566.98035,594.92444,377.82748,-262.76038,539.5535,383.04425,-565.39764,625.50244,437.69565,-444.95645,607.3604,436.13754,-531.9289,588.20154,504.94205,-19.474514,427.57147,546.2473,-657.88153,717.2028,612.9131,-257.0157,602.75525,731.34503,-694.2242,780.72943,568.5368,-808.7884,756.82623,587.5729,-450.17288,814.81757,552.9331,-898.12213,796.24774,559.4633,-487.4616,798.24316,539.4642,-858.17914,779.56256,539.5719,-488.62766,778.4709,544.2733,-812.52045,762.452,546.11975,-441.8825,453.67966,802.40125,191.96889,346.92114,849.02765,-191.23262,682.38965,811.52527,68.3958,530.41284,964.1574,-716.36127,562.2867,990.0072,564.61725,415.676,1144.2113,-307.6989,525.8052,1009.8761,614.1797,375.4093,1170.8088,-265.54636,672.6635,1047.7957,589.5436,487.04456,1250.4937,-353.3605
000045.png,621.9587,416.24533,-596.5112,625.0526,382.8997,-544.4676,629.79474,382.09808,-544.847,633.97125,380.83746,-545.1769,602.6592,382.95935,-614.79297,589.38214,382.2769,-614.9278,573.11444,381.48068,-614.8735,600.59357,386.3828,-282.53845,522.1878,390.5194,-582.64746,619.47266,449.5022,-495.6892,593.7548,449.3201,-582.23193,606.4169,522.3417,-49.716763,411.47986,562.51385,-658.29944,750.9008,623.1997,-321.25333,564.19586,752.78253,-709.2788,774.5475,591.9137,-887.79297,730.5641,606.45197,-518.3695,804.9269,577.483,-977.1346,779.04663,585.32275,-557.33484,787.123,562.3756,-928.5484,755.162,562.39813,-547.1143,765.8071,567.8578,-887.2959,735.9697,568.6908,-505.35977,492.31027,815.8304,182.07793,368.2158,846.6542,-181.40341,708.64044,839.21045,-17.728075,497.9697,984.66315,-762.1218,587.8338,1013.70575,586.7088,400.18387,1168.9266,-267.7547,559.9262,1044.2129,643.4641,367.67575,1190.8511,-222.20895,701.4501,1066.7605,578.6814,460.03546,1272.5894,-369.46857
000046.png,620.8767,406.84946,-628.25916,621.32367,372.47253,-575.7827,625.3086,371.05008,-576.1408,629.0873,369.23035,-576.4753,600.44116,375.19263,-640.07324,587.53876,375.75595,-640.2003,572.7621,376.07236,-640.18756,600.5525,374.7379,-311.23233,524.31433,385.70834,-579.6642,619.16425,437.246,-526.50256,595.61725,438.5468,-603.9644,627.12256,511.9555,-81.02584,410.62576,548.2831,-653.92456,776.1394,632.3814,-391.94717,538.4828,753.5273,-708.4667,784.51984,599.41406,-962.72473,699.03796,616.25684,-481.53,791.8456,580.4964,-1044.1758,741.68097,594.0836,-502.58182,771.1143,556.7692,-978.9157,722.54254,563.8812,-485.68552,755.984,558.87885,-954.00476,704.55634,567.0883,-463.0338,511.47177,809.8969,164.1981,381.13727,831.97266,-163.48027,728.30347,841.656,-39.925415,468.57483,973.57776,-706.0946,616.50903,1015.0336,547.89874,399.36707,1151.9884,-205.77916,580.445,1053.2561,601.10126,374.84558,1172.8297,-160.3141,726.2863,1069.5417,513.24615,445.21158,1260.7041,-324.95947
000047.png,636.5477,446.70844,-750.7848,641.33264,412.6026,-689.7946,648.77374,410.20477,-690.14685,655.78564,407.52682,-690.44934,614.5323,417.4601,-746.0371,600.80817,418.47543,-746.13983,585.79584,419.0644,-746.19214,642.1601,410.1673,-385.4986,544.4456,424.88034,-618.4538,643.2113,473.4414,-634.41736,615.3788,476.36447,-701.89606,670.53674,552.53284,-149.32338,430.85895,580.7064,-661.40533,830.38855,682.66516,-502.25708,536.906,782.96747,-783.08673,812.70575,647.419,-1084.7373,718.50543,664.04926,-652.4035,800.22864,627.3403,-1175.9402,760.69366,637.4491,-692.2138,784.4649,602.4964,-1112.0583,745.7673,608.72534,-661.1862,777.9764,606.755,-1075.0664,732.1019,618.17804,-629.5863,554.00977,845.625,149.64003,422.46164,858.4356,-149.2171,766.98035,884.8415,-214.87509,454.19556,1002.3864,-889.8314,667.5406,1048.0905,482.77768,419.7225,1178.7604,-283.6523,629.50134,1081.5901,546.96356,408.08713,1188.959,-229.98311,774.7564,1107.6929,421.07825,457.00183,1279.243,-430.13223
000048.png,594.1613,451.0123,-826.118,602.33563,410.26068,-766.4664,610.321,407.63672,-766.80774,617.32806,405.2136,-767.0994,572.8087,416.7342,-826.4186,558.1254,417.7195,-826.5478,542.30695,417.97397,-826.5898,607.13025,408.06073,-447.92908,500.0631,422.25967,-700.7435,602.3536,476.51526,-703.0296,572.71875,481.95602,-776.29974,647.10266,560.26984,-183.90845,392.19272,580.20135,-676.29364,822.8973,694.2732,-502.41605,469.84293,792.84796,-757.33264,780.1897,651.6912,-1093.695,647.2151,680.60803,-648.9471,765.04083,638.2078,-1189.544,695.8673,661.4655,-688.2382,746.1495,613.0612,-1134.3956,687.092,627.22974,-661.17346,737.68054,614.1636,-1086.4802,673.4776,629.4439,-625.5172,536.80524,840.90735,145.86273,408.2326,849.7049,-145.33281,757.345,893.1275,-159.9575,383.31287,944.63434,-918.5462,657.6181,1063.9573,520.5032,383.92355,1186.536,-417.79166,618.0314,1095.3539,580.3943,378.7216,1200.6667,-377.09085,758.0173,1131.2046,405.06754,401.99567,1293.8899,-643.473
000049.png,539.8667,464.44186,-759.72845,551.11896,423.68008,-713.00073,561.1032,420.9031,-713.22156,569.95703,418.45618,-713.5036,517.0981,429.27072,-752.7874,499.84424,429.8645,-752.9115,483.16934,429.25867,-752.91864,566.5412,422.15326,-448.7223,450.7895,434.90778,-614.8403,553.0729,491.1771,-656.5243,517.3822,496.17657,-704.7366,612.9054,546.7609,-241.74577,348.29758,583.0266,-571.1345,777.6836,717.86383,-476.99265,396.7762,796.76215,-641.4216,685.1301,658.1051,-858.1213,573.6289,698.62195,-559.87823,658.4829,655.5123,-922.26587,637.91235,673.8128,-581.52075,640.69336,628.52496,-851.8072,612.0873,645.86127,-549.1962,641.2567,629.1895,-836.10205,599.7134,651.4404,-534.5408,516.10876,850.43176,89.420265,385.85867,858.15546,-89.10003,724.14325,916.9178,-310.6701,318.89606,999.499,-779.9852,632.3691,1081.1798,387.57623,346.68604,1183.302,-187.69823,601.89624,1112.0527,451.70676,358.25064,1197.702,-134.7479,731.7058,1151.415,311.22083,345.73337,1291.7616,-355.5403
000050.png,524.10144,473.04187,-647.62384,536.56335,435.7612,-614.0561,545.567,433.28943,-614.21826,553.6755,431.01718,-614.4576,498.87048,439.71466,-632.49084,483.2915,440.18164,-632.6044,471.30145,440.45416,-632.70544,558.7484,433.67368,-400.91595,447.15192,448.5312,-473.3085,537.89355,499.01648,-563.3587,502.02628,504.96597,-584.5847,627.74756,557.7936,-255.46379,356.40714,573.5549,-399.44177,762.19183,733.8923,-495.77466,364.49152,789.1145,-579.4338,651.1766,678.88885,-836.45734,520.36163,712.73175,-752.4259,616.07745,673.0284,-892.0872,564.3944,694.16284,-795.1446,606.169,648.1142,-822.6256,558.7304,658.7733,-746.9316,610.96277,648.5119,-809.6468,543.8732,664.4341,-727.8415,530.4994,841.8365,30.755196,400.44348,846.2048,-30.640106,713.7501,928.8594,-406.94525,306.78046,1008.2571,-592.2997,632.20526,1073.1947,137.22781,340.36337,1146.946,-33.813274,603.3736,1100.7065,185.66924,364.55533,1161.945,15.567891,717.09875,1154.618,61.139477,311.47025,1257.5977,-135.04808
000051.png,582.40393,451.28787,-882.7766,602.03186,418.96515,-850.78406,612.54156,418.1123,-850.82513,620.178,417.39673,-851.08185,562.4741,422.1126,-857.45496,550.29114,422.6843,-857.64197,540.56775,422.7329,-857.7357,633.1973,421.26776,-616.3345,519.9195,426.81412,-637.016,602.3929,477.71368,-788.36914,561.3676,482.3633,-794.7099,707.3392,545.3663,-451.62646,434.41702,545.73315,-526.1085,809.6458,735.64685,-752.9281,407.9237,759.6501,-808.72766,685.0259,671.90094,-1114.9536,564.14435,691.78687,-1091.7045,647.59875,657.6732,-1182.4744,608.4123,668.09106,-1158.0499,641.4079,630.08673,-1111.8824,597.3428,636.9763,-1097.6682,647.5506,633.333,-1088.4917,587.173,642.4214,-1067.2018,610.32153,823.50146,13.2694845,474.32062,824.6241,-13.4267025,774.0725,930.91925,-573.683,355.7254,972.94867,-633.8094,705.4556,1067.9337,70.927666,393.73523,1111.5876,28.631695,674.64874,1091.8538,128.48608,423.12274,1127.303,86.38078,769.87573,1155.2205,-38.78404,355.2385,1204.8436,-89.406296
000052.png,675.0342,429.17642,-987.4453,698.3263,402.30374,-955.9733,709.2354,402.49445,-955.9392,718.9145,402.93384,-956.1267,657.47296,399.24625,-959.2307,646.4587,397.65924,-959.4762,637.99347,396.1022,-959.55835,737.6791,407.9148,-707.4238,624.4049,397.59265,-716.19196,695.1088,457.17896,-886.8091,652.8929,456.36374,-889.85223,799.48865,528.51013,-527.7938,538.3397,507.1089,-562.8277,867.4752,723.4757,-823.12366,475.3585,704.82837,-859.80896,728.8642,651.1938,-1206.1766,620.50476,657.6493,-1203.9376,690.6059,635.0772,-1285.0972,666.3393,642.95807,-1284.3444,691.60706,604.95746,-1221.6263,662.2898,611.4392,-1226.0857,697.4239,609.72406,-1182.6301,654.1609,616.97064,-1182.5332,700.91345,794.1239,1.9339633,565.16235,779.454,-2.1303427,832.36975,910.44806,-665.8291,420.3379,904.8494,-639.1339,763.9675,1045.6099,-2.5766165,459.5441,1043.751,19.58681,732.10596,1060.4392,55.218838,487.48206,1062.6825,75.39157,809.1697,1143.2148,-146.68355,400.33316,1128.8589,-114.784676