000127.png,601.3731,524.80304,-334.6732,618.21765,504.23938,-308.27078,627.588,505.01062,-308.3303,634.2567,505.9641,-308.34875,592.2061,503.0962,-297.036,584.4991,502.91473,-297.03122,578.26654,503.08685,-297.00943,649.3145,515.56445,-117.41671,573.709,509.72867,-61.09726,617.3807,549.52203,-258.7343,585.82385,547.48615,-243.57962,692.664,629.70953,-30.957098,516.356,609.7726,50.842403,733.8549,758.4587,-272.06863,443.26266,729.1125,-178.95273,622.10504,666.07324,-567.1489,546.6396,662.2607,-536.5904,595.0573,643.6901,-632.4207,574.59564,646.2754,-612.85455,595.0011,627.5512,-599.1691,577.58295,630.93317,-582.0954,600.4957,634.4659,-556.5242,574.4611,636.2193,-531.36896,612.8454,914.8534,-35.13331,499.6492,895.71826,35.08779,602.74286,1129.7087,-63.431934,455.82678,1110.7733,91.0774,615.75116,1312.6733,288.6145,405.4652,1273.9149,475.06985,607.50104,1330.7852,310.6641,411.2898,1293.4735,503.4096,620.3891,1397.4484,58.706085,357.5502,1340.5748,280.57703
000128.png,586.2768,491.2461,-379.8823,604.32117,471.54678,-350.78882,611.8174,472.06586,-350.80505,619.5741,472.70117,-350.78522,578.8647,470.58243,-336.69467,571.26965,470.55878,-336.6953,564.18506,470.98273,-336.7046,637.0812,481.9098,-160.75972,561.72437,479.82352,-89.43218,601.7178,517.4447,-306.63998,572.69305,514.7835,-287.19492,682.87164,607.33966,-87.06319,506.45242,591.3525,13.6655655,719.2754,732.4784,-355.28928,416.64764,702.29175,-244.21936,600.091,635.7875,-653.82776,532.88477,636.8934,-596.4979,570.9499,610.7593,-720.30963,559.9953,617.3724,-673.4389,570.9801,595.11017,-681.42834,562.78766,603.968,-633.79315,577.40875,604.13086,-641.5986,560.2788,612.14984,-588.08264,600.0887,897.6237,-40.626537,484.33365,877.8264,40.36964,595.0599,1117.1589,-85.74189,443.7612,1096.1852,123.861595,609.10095,1297.7563,316.60684,392.4685,1254.5093,585.2141,603.1595,1313.4283,342.59293,403.3314,1276.08,622.0316,609.21136,1385.5767,79.58129,338.11566,1324.0833,405.05368
000129.png,568.9055,479.92578,-450.71878,589.0507,460.73608,-427.13055,599.5699,461.0509,-427.1559,609.2101,462.074,-427.13434,563.4157,460.36856,-411.61502,556.5914,459.99216,-411.6265,549.2901,459.77115,-411.63416,625.81024,473.52893,-243.11688,548.4133,466.86343,-165.5845,585.2818,508.1076,-377.29813,556.652,506.15558,-355.99448,670.316,601.30774,-169.4302,489.70956,578.2259,-30.415842,707.8833,725.9224,-426.008,399.2874,699.4434,-279.0379,581.4395,630.4991,-721.6674,500.93753,633.9832,-673.8218,549.0659,603.27484,-792.09576,530.92377,611.4744,-752.86743,549.7607,590.54205,-752.0121,535.4608,598.43933,-724.6681,554.74243,599.83685,-707.9669,532.62067,606.2741,-670.6367,585.1431,897.5117,-59.828995,466.98877,878.4511,59.68157,591.29816,1120.3252,-68.79576,435.13745,1094.4423,212.29951,603.1153,1310.5822,249.87704,383.1497,1257.3054,614.96173,595.6927,1330.521,266.07074,393.177,1283.8346,644.45746,597.9952,1392.8718,1.5490546,328.50742,1324.3281,430.41602
000130.png,548.91644,456.72064,-465.10437,570.0386,435.3095,-447.88232,581.38904,435.87927,-447.89658,592.88934,437.15176,-447.86673,545.3039,433.58902,-426.33585,539.9723,433.09964,-426.36523,533.52466,432.75974,-426.4262,612.485,447.2445,-285.67252,536.4326,441.01462,-181.0307,568.95575,486.33746,-398.9379,540.73975,483.4635,-369.80167,661.6819,577.2826,-228.08429,486.02234,562.4215,-35.55477,687.5772,711.56665,-496.7602,376.76727,682.71466,-297.80057,551.4325,610.3176,-784.8019,472.061,605.85284,-715.444,520.1013,587.1668,-852.99585,501.96082,587.44446,-792.7439,522.514,572.3955,-810.778,506.11337,571.2061,-759.5885,528.0555,580.45935,-769.34283,503.47495,578.1617,-710.9333,572.3909,893.6043,-72.65323,453.67197,870.21704,72.37826,579.7831,1120.9304,-53.601997,419.96182,1090.7975,239.1999,589.0783,1314.16,273.01407,369.47775,1261.509,636.18396,584.77435,1330.5197,289.7903,381.978,1286.6814,665.481,569.1856,1403.6849,29.851599,305.83755,1327.6708,463.538
000131.png,522.14294,453.2254,-478.54733,543.4023,432.39905,-459.7735,554.7193,433.453,-459.779,564.7308,434.38904,-459.73334,516.0334,430.20544,-437.40625,508.9491,429.95184,-437.4188,503.79773,429.95877,-437.46628,585.1704,444.80872,-298.08896,505.47025,438.6084,-190.90205,542.25726,482.84167,-413.64523,510.4122,481.0357,-383.59277,638.10205,583.30457,-268.09753,453.4381,562.7363,-34.08567,654.9337,716.27655,-563.6794,343.0918,694.3713,-294.12515,510.62662,607.3092,-852.9913,449.9213,610.93463,-702.88025,479.93588,583.6301,-923.8083,473.71307,591.57477,-774.10956,482.43127,567.7503,-878.7278,476.74976,573.6753,-733.07983,488.1951,577.52014,-836.07324,475.35583,584.45795,-694.2579,548.24084,910.64233,-83.70684,427.48297,890.64343,83.3992,558.9964,1143.9634,-17.873207,399.17175,1111.4348,293.2537,571.5813,1339.9523,274.69098,349.65778,1285.0571,686.3451,572.98456,1360.3748,287.86273,360.93893,1311.5128,715.418,545.1863,1430.8862,29.222937,282.83694,1347.9167,522.4724
000132.png,487.04364,413.7346,-453.3196,510.5617,393.8162,-442.10345,522.4371,394.7245,-442.09692,534.43365,396.1279,-442.04056,488.0614,390.1043,-410.952,483.76303,388.57504,-410.94452,479.94147,387.2886,-411.02902,557.83105,410.41418,-306.21667,489.70352,397.3855,-158.1841,506.96414,447.8546,-397.32812,481.54965,440.57034,-355.3851,619.6271,556.2452,-286.59735,426.94827,530.96875,8.914729,620.3296,688.5568,-577.53845,302.0608,654.75214,-236.30421,474.4141,582.5877,-849.0953,401.66016,580.5784,-653.5523,437.93506,556.33435,-916.3539,420.7699,559.1377,-723.34515,440.5563,536.96277,-874.4008,428.95212,538.39075,-686.0204,448.99542,545.9485,-832.62445,430.95172,548.0423,-647.8432,524.6318,896.37286,-103.79335,402.25702,874.68195,103.45932,537.6635,1134.9816,-31.401129,376.01062,1096.085,369.38998,555.2105,1340.5482,219.67715,332.92886,1267.3115,798.6443,564.0563,1363.2012,228.59338,349.6206,1297.8333,832.22217,516.01337,1428.22,-45.163757,256.40747,1337.9872,652.4106
000133.png,445.01105,403.08496,-413.33093,467.0658,381.0307,-406.3186,478.01248,381.18466,-406.3365,489.94308,381.88266,-406.28748,444.48126,380.48578,-370.33456,440.65164,380.1931,-370.3322,435.94388,379.77847,-370.3874,515.1843,395.73453,-291.64328,444.74493,389.57108,-122.1302,465.97058,435.1681,-365.43622,442.01343,432.3438,-316.97278,579.34766,534.8574,-298.48074,387.89798,524.4266,63.6546,564.6823,680.15314,-598.94885,262.3788,654.89154,-143.30295,421.50494,575.0023,-858.9379,343.23087,568.7274,-542.46405,387.60602,547.9242,-924.1091,362.6152,542.663,-601.8927,389.66586,528.6731,-883.9498,370.7656,523.07794,-561.6206,399.8111,539.5764,-842.93024,372.15054,533.5954,-535.2453,481.78976,898.4169,-123.1769,365.4284,877.85754,122.85043,497.79062,1133.0404,-66.13179,345.23544,1097.7462,415.1445,511.50772,1337.5454,149.81088,309.47888,1263.1766,854.75287,519.3342,1363.727,155.61398,325.153,1294.2446,889.6779,464.0101,1434.7518,-115.86167,224.47903,1329.1338,731.80115
000134.png,424.7059,360.82645,-428.7295,447.2338,337.86646,-419.18958,459.35455,338.7376,-419.30365,472.50848,339.7356,-419.32126,425.34634,335.49277,-381.12244,421.54263,334.3764,-381.05786,417.01996,333.11176,-381.12903,499.14413,352.81384,-296.2047,429.15256,343.05255,-119.84995,444.91907,394.1632,-378.3735,421.4985,388.89426,-328.29773,563.78345,515.41876,-338.99887,377.9371,490.05093,103.38288,527.2141,660.3346,-628.5418,245.80022,620.85254,-144.17632,395.2464,541.48315,-855.59,300.7797,543.1621,-689.0696,356.738,515.2685,-922.4771,310.6325,519.5104,-770.87665,363.58218,493.39194,-897.6012,326.23917,500.51868,-748.4684,375.72784,503.7807,-844.57263,329.92374,510.41266,-697.00366,462.23294,887.2411,-141.02338,353.51117,871.25854,140.66216,479.01083,1121.9951,-56.962856,334.7677,1085.1377,371.00647,494.08203,1329.0757,206.45844,305.2825,1251.0685,764.035,508.27002,1358.1624,215.73773,321.70905,1283.6344,791.20917,435.089,1424.848,-57.943626,210.83334,1313.6227,627.55365
000135.png,411.13608,351.0628,-360.85382,432.21622,329.38608,-372.59003,443.81064,329.15732,-372.66208,456.05252,328.8338,-372.66974,413.73154,327.61716,-323.7335,409.6566,326.7597,-323.70557,405.527,325.91904,-323.76782,489.50473,341.95547,-318.2147,426.3123,334.05316,-92.049934,428.4115,382.05286,-332.42328,409.53455,378.26535,-267.8357,563.67664,507.7185,-348.05356,378.5717,485.5148,110.9602,502.1228,649.7008,-557.352,242.2541,610.20526,-124.32046,359.16565,527.60455,-682.371,269.06876,550.183,-664.3985,324.0235,499.6533,-739.68317,281.91293,510.802,-747.5584,331.63202,479.4449,-723.1903,292.50436,496.7182,-734.57117,343.49744,489.40875,-671.53723,302.58548,508.0227,-677.224,456.94916,877.39026,-132.39404,344.729,859.09235,132.03004,473.59888,1135.0693,-90.94444,335.0444,1096.6274,351.8062,485.2599,1348.0167,143.18861,305.14426,1268.1493,727.9487,502.4376,1378.3328,148.70993,331.82315,1304.9807,753.3508,418.8945,1450.091,-130.78047,206.07837,1322.5919,589.8112
000137.png,402.8306,319.33954,-336.63516,423.6816,295.95612,-354.67746,432.07596,296.0618,-354.75226,442.82416,296.5907,-354.7491,409.77454,294.04614,-299.2206,408.0624,292.76068,-299.29852,406.43494,291.6048,-299.35703,484.83044,311.49026,-322.75473,440.30887,301.6546,-70.16013,418.72226,351.84976,-316.92767,404.54333,348.4811,-244.56407,560.9157,482.3062,-380.36423,391.02368,469.70868,165.0475,477.61496,629.44617,-496.30188,256.21115,601.8707,-79.38401,331.1724,515.4309,-512.34375,273.98938,498.6985,-661.91626,295.3862,492.06763,-551.0986,268.34448,472.4821,-751.52124,309.1814,467.9207,-545.21454,281.688,450.62332,-726.8157,323.42508,478.3217,-500.93546,290.36163,460.577,-671.3602,468.56796,872.4842,-169.69786,366.07693,856.8452,169.08934,477.4754,1143.7955,-157.42953,370.44708,1103.5599,403.845,482.83322,1367.3966,94.21765,349.12936,1260.3834,818.709,513.3533,1411.1986,103.37577,381.60895,1294.7501,849.4825,395.85583,1463.8662,-166.52388,233.22295,1310.7965,715.17926
000138.png,389.6223,283.06616,-332.92343,410.66467,259.49844,-364.47345,419.77536,259.61942,-364.52362,430.41357,260.12494,-364.54135,396.81836,258.08795,-300.09637,394.9049,256.85565,-300.1156,392.95956,255.6098,-300.0733,471.24808,275.03677,-366.34158,426.8504,265.85883,-73.995834,405.63217,316.20718,-323.76865,392.3298,311.35095,-239.89923,547.0848,447.69574,-449.28055,389.86713,433.53995,198.61243,441.88303,582.7563,-431.65402,271.77997,568.251,-44.17803,301.12894,475.44174,-207.02213,259.02972,469.63617,-664.0627,262.6383,452.43097,-211.8218,234.97841,440.09253,-753.9464,275.94885,428.04178,-213.77808,248.90736,417.30307,-734.89185,290.20685,437.50027,-190.30902,264.77032,427.89066,-679.4208,459.63208,837.212,-193.14116,362.83435,825.2256,192.4893,459.72083,1120.9185,-147.1294,362.31055,1071.191,461.0327,465.3313,1364.149,96.011536,359.77072,1244.3044,866.62744,492.205,1409.2877,105.38321,395.83365,1279.4686,897.24445,363.8428,1460.4448,-155.26437,243.17633,1299.8024,791.025
000139.png,362.48102,272.59668,-284.69797,382.44574,245.89148,-329.78918,390.92636,245.92169,-329.81787,400.95773,246.45132,-329.85956,371.13992,244.15993,-255.11781,370.3795,242.78046,-255.12125,369.61688,241.53363,-255.03705,445.17148,265.2738,-381.03348,405.4922,254.53932,-44.448273,379.36304,308.21063,-292.91156,367.728,304.13492,-196.25098,519.8456,440.3094,-486.13434,380.7799,421.73102,226.72008,390.5449,567.4313,-410.9228,269.9021,555.4224,-12.725162,264.4714,466.08005,-36.450424,237.6659,459.90814,-635.90765,228.97577,439.2203,-25.472538,214.21384,433.55585,-721.66626,244.8874,416.59387,-32.054802,232.79303,413.68478,-706.7257,258.06628,427.44205,-17.169485,246.8493,422.69934,-653.3097,444.49725,833.48596,-214.82954,354.2194,822.87476,214.38277,442.09027,1105.283,-162.20793,362.70087,1063.9482,550.4757,445.24048,1369.4155,-18.938948,371.01175,1237.3531,956.953,472.49716,1420.4353,-18.820795,399.14313,1276.03,988.8766,343.69333,1469.4589,-273.0808,240.4628,1295.6315,916.0953
000140.png,328.64975,250.02016,-245.11205,347.08118,224.65651,-305.60745,353.95383,224.0791,-305.64792,360.8824,223.25781,-305.68326,339.49646,224.11148,-216.31696,340.49094,222.97868,-216.34903,341.62793,221.53989,-216.28809,404.13126,234.95093,-422.943,382.06638,231.16075,-22.09559,344.88693,278.29834,-277.48767,336.71506,276.7539,-162.16519,463.3442,420.87714,-569.70056,368.0498,397.79,258.68347,311.51144,561.71564,-485.66464,275.3293,545.4793,21.00978,210.6848,435.88107,-52.15286,207.21544,430.47452,-554.43164,175.56013,408.81436,-49.49195,181.7379,397.72308,-628.7152,194.52452,383.1464,-57.24053,200.49011,372.21786,-619.26483,207.32466,389.3683,-36.24996,213.27107,383.2053,-574.6142,405.5471,805.0872,-262.4742,335.59253,790.8735,262.18222,407.3448,1085.2378,-190.03778,344.6624,1034.2712,662.85474,401.223,1358.3329,-80.95295,352.14136,1220.7966,1104.5306,431.00327,1409.1108,-83.8281,377.5994,1260.0477,1140.264,294.34784,1448.8813,-337.4687,221.03734,1272.2523,1079.6733
000141.png,288.35696,236.40489,-308.1408,309.21515,207.99963,-372.88416,315.79828,207.63669,-372.9105,322.7911,207.26869,-372.98087,302.38895,206.01202,-279.21094,303.83438,204.01428,-279.27078,305.41357,202.08298,-279.25684,365.99377,222.37335,-502.56924,346.85852,216.31776,-86.76323,305.51367,265.89163,-345.1518,298.19086,262.6164,-225.2291,420.52826,409.43164,-660.22705,347.62088,382.99564,220.39348,253.691,550.8935,-541.90485,253.00981,536.8372,12.888897,170.531,422.24216,-57.63311,177.11665,425.92285,-508.13562,136.58397,396.61655,-60.629593,149.1314,394.8691,-572.308,158.29599,375.43954,-66.89355,168.01202,373.67734,-569.65576,174.2354,382.61053,-41.564587,182.37117,385.63898,-528.6373,360.93912,812.2815,-279.65936,312.23862,788.3568,279.37683,364.0759,1087.5564,-110.164955,322.03323,1029.7058,733.8807,360.802,1343.9792,47.239105,339.10657,1208.4751,1234.5063,386.6746,1390.7726,51.104465,357.75317,1252.1401,1279.1066,243.0877,1426.0885,-177.88315,214.51842,1261.8499,1235.286
000142.png,269.83832,197.61916,-379.7701,288.0696,170.83112,-445.8351,294.05582,171.12912,-445.9361,300.33615,171.66602,-446.12943,282.5466,168.2286,-354.0165,284.10098,166.60388,-354.06528,285.97934,164.83595,-354.04813,341.64474,189.86337,-569.51917,326.45178,182.17094,-162.53323,282.7485,233.99448,-412.52783,276.48425,231.05272,-295.01846,387.6184,378.91672,-722.27167,333.1583,358.4948,169.59659,225.44228,507.88205,-598.3813,249.3856,507.128,203.45647,137.60115,386.95227,-114.37028,164.47101,397.73807,-7.6288075,101.071815,355.43704,-129.42783,135.76666,364.73077,-36.87175,123.29599,335.4863,-138.86069,151.90715,346.87207,-51.565216,140.93535,347.29245,-101.76036,170.68741,363.02054,-27.12388,335.5958,780.482,-280.42087,291.40152,757.1028,280.55942,330.53928,1061.3596,-51.020584,303.1754,1001.57056,803.4027,322.61386,1307.5457,152.88141,324.4026,1187.4482,1353.6232,351.13925,1364.5924,164.77374,340.65866,1219.4579,1406.3745,197.24046,1389.3291,-31.999304,202.81427,1225.807,1385.4543
000143.png,254.32336,181.85303,-271.86633,271.9266,149.53423,-338.0735,277.82614,149.74103,-338.1383,284.0366,150.1197,-338.2518,264.75137,147.54668,-250.69617,265.79996,146.20726,-250.7641,267.17123,144.9472,-250.79224,327.27942,167.11647,-468.68164,309.49387,160.43169,-84.68737,270.69888,216.16219,-308.532,262.4867,216.08214,-197.2769,368.42474,350.5668,-624.2903,336.97787,331.2052,205.41998,190.08484,476.0363,-457.55145,238.76666,474.5541,247.0229,125.99409,368.71454,91.51641,140.33598,373.37823,99.31272,105.937645,339.93024,98.42597,117.639114,337.4508,76.03837,130.21362,328.92477,68.45204,138.6206,333.2986,69.69259,140.84933,339.93417,98.23591,152.37079,343.6848,84.76427,326.9118,755.16156,-257.13693,285.16806,733.7862,257.2411,308.40506,1043.7499,-115.68898,288.5932,990.82605,643.1267,300.84793,1295.765,-18.694435,305.4687,1185.1364,1062.3055,330.44214,1348.9666,-17.110846,327.1933,1233.1709,1100.9165,170.37149,1365.6558,-191.83385,196.67485,1217.6354,1085.742
000144.png,276.61493,162.17308,-299.03973,295.0917,133.67912,-360.96234,300.81088,133.31143,-361.08755,306.52304,132.99551,-361.25327,290.80637,132.42828,-276.02527,292.97946,131.09773,-276.0399,295.5146,129.53064,-276.02307,344.1741,150.1688,-478.93326,332.32242,146.67091,-105.82517,291.2906,195.56082,-330.67474,285.0952,194.17249,-222.60274,382.89145,333.78384,-633.70386,353.82565,324.086,202.66255,183.0599,458.30176,-498.6774,227.80884,458.71335,256.569,144.30684,341.51373,-43.894226,150.40938,355.52463,84.62211,124.981,304.62112,-61.41788,134.2581,320.15427,54.254787,152.30544,302.77127,-88.120544,155.80243,312.9453,42.67871,161.90814,316.46744,-39.74305,164.98685,326.69345,67.19709,336.7302,726.16943,-251.90002,305.74298,712.8273,251.99738,319.97736,1010.22766,-14.922118,305.7769,964.0716,655.1429,298.07697,1260.9619,194.24132,320.37524,1172.9906,1088.0972,326.93307,1319.402,207.48288,351.67807,1200.7941,1130.6437,170.49379,1315.6633,42.219013,226.0846,1184.8502,1103.4401
000145.png,294.4196,153.70148,-246.68916,309.75436,124.640976,-311.42972,314.27664,124.535,-311.5471,319.14243,124.25869,-311.70285,307.84653,123.51219,-228.5353,310.6376,122.528854,-228.53336,313.6267,121.32585,-228.53911,355.1437,138.76047,-444.64737,347.61295,136.81938,-79.87875,306.96292,183.34076,-283.49426,304.47958,182.22456,-177.68205,389.4552,313.38998,-592.6622,387.7441,312.239,212.61867,182.46051,439.13687,-436.8439,263.83893,441.16766,337.38492,170.72699,334.11554,32.711704,179.66962,346.10095,268.03827,148.35492,298.9188,24.090784,161.44554,308.2703,253.0111,177.7131,296.33908,-8.904918,184.11913,305.42487,235.39757,188.55237,309.15213,34.72724,193.1964,318.38397,251.47942,350.8074,708.4582,-240.68645,334.0631,698.2514,240.88332,325.8039,971.3285,-62.717293,335.67456,935.5964,577.4904,303.18506,1230.5562,91.30062,355.24118,1132.3217,929.01,336.03827,1289.9446,100.019135,383.55627,1165.4705,963.5767,179.46698,1285.8849,-40.34121,274.71664,1164.5123,952.4463
000146.png,291.4406,132.53488,-314.4779,307.5009,106.89228,-377.44968,311.60703,107.08746,-377.56686,316.1818,107.0331,-377.75208,305.8725,105.88881,-291.78027,308.46686,105.396996,-291.78183,311.4874,104.51677,-291.76855,354.91928,121.61808,-501.07495,348.10678,117.57603,-124.670296,304.97208,165.11386,-347.77298,302.31387,164.2733,-238.7443,384.00977,299.38846,-654.30536,378.7,301.53745,192.61188,173.56525,432.9722,-497.68253,255.71338,440.47858,290.48953,167.70935,325.09653,-29.51844,175.18465,336.60004,170.82442,148.19353,284.31207,-47.00068,163.27077,296.5171,148.66852,177.91872,282.31036,-79.086266,184.525,293.62454,134.65536,189.38141,293.52856,-27.512316,192.71466,309.74722,154.56485,350.28513,705.7932,-251.29433,344.7803,697.4497,251.5015,315.0219,966.6055,-12.216897,350.40033,929.5698,707.42676,299.43237,1227.5187,179.55959,386.10242,1112.1177,1175.5856,331.98596,1283.6115,191.57393,410.04514,1153.572,1222.6063,169.08543,1278.0502,35.092205,275.53183,1148.6577,1218.2153
000147.png,307.5804,152.1254,-328.0039,322.83902,123.56312,-394.55045,326.63153,123.14243,-394.59204,330.75464,122.682434,-394.7282,321.94458,122.87899,-310.74368,324.9914,121.78557,-310.71933,328.4332,120.5654,-310.67728,366.6256,139.11638,-526.5042,365.36066,137.47919,-158.39848,319.33475,181.95116,-362.34396,318.4575,180.92668,-255.49199,366.429,314.90298,-656.84033,430.8995,315.6428,149.5371,158.32733,444.83215,-495.97293,296.52728,458.33682,340.65167,188.93513,329.83438,-23.517584,213.30443,350.64536,362.15048,171.00739,286.62115,-40.482487,199.63126,316.9241,362.25772,205.7027,288.8889,-62.55865,214.5259,309.51764,340.75824,214.83801,302.6397,-18.024294,224.03902,321.14386,348.67468,344.61377,716.8525,-240.5471,386.82275,708.2497,240.7671,317.82,969.5897,10.561976,390.44373,941.3484,744.9664,294.6857,1243.4678,203.09506,411.74576,1139.9957,1226.2175,327.4929,1298.9625,216.17323,431.14716,1194.9453,1275.6371,150.94853,1281.2478,90.72694,300.88333,1154.1263,1299.3889
000148.png,303.72943,175.6398,-286.2502,316.2985,147.29541,-351.89932,319.58148,147.31424,-351.9414,323.12582,147.35092,-352.06012,316.31412,146.43442,-272.065,319.43674,145.54224,-272.02124,322.99338,144.5351,-271.9903,355.62872,162.09286,-486.09442,358.3309,160.74754,-135.47366,312.97037,204.27527,-321.6126,313.1381,205.35667,-219.90152,341.79446,329.86914,-621.615,432.6956,340.97394,160.08362,142.74117,454.64435,-446.12302,301.5053,473.11887,372.85687,184.01689,346.9907,57.48155,227.81984,383.52203,452.1831,183.22736,306.88638,47.994896,213.4164,345.71677,462.15494,209.96857,310.61145,22.852474,227.47743,336.29272,444.64377,214.94424,322.02734,62.30852,234.87372,353.78912,442.40314,335.63638,730.74695,-232.09041,387.3973,723.2168,232.29587,305.8939,982.85284,38.72852,392.35226,946.33997,677.30396,276.30637,1235.1182,250.36234,404.63525,1148.2728,1108.9369,303.03976,1291.2115,265.99167,423.50272,1202.7959,1153.6232,135.30676,1271.3202,157.23267,313.8989,1142.0188,1176.4064
000149.png,291.2814,171.93947,-249.60416,305.8029,141.95967,-319.56622,308.18234,142.77534,-319.62018,310.67438,143.69333,-319.67163,307.4094,140.33598,-237.14262,310.77295,139.8876,-237.04231,314.3639,139.55537,-237.01285,340.75024,161.98969,-467.31158,348.99515,159.51714,-105.702705,298.30545,201.10468,-289.6722,299.0793,201.74796,-184.69884,314.843,331.7915,-610.5649,424.86606,345.70734,173.47786,127.10792,440.25385,-414.72165,321.77487,493.20282,361.9682,161.57358,350.99463,64.0861,231.06178,423.78287,372.9188,176.71767,317.93475,39.173588,229.1008,396.2027,369.19525,203.04051,318.56897,14.570773,234.17181,453.0693,333.67078,206.4811,328.03674,67.30003,234.79211,458.4523,354.95038,314.04288,734.9634,-231.79637,377.34967,728.743,231.86057,275.1667,981.96545,80.1256,375.71405,949.3708,744.18933,239.14737,1232.5535,305.99493,387.2961,1145.2666,1203.263,261.88907,1289.629,322.634,402.6954,1196.1006,1250.0051,114.29942,1259.8872,214.77574,283.56717,1167.3921,1265.4419
000150.png,299.28088,171.6228,-99.99358,310.24536,144.35977,-184.64688,311.52103,143.98257,-184.6796,312.73788,143.93085,-184.75047,314.97125,144.68903,-105.173256,319.72797,144.54883,-105.1589,324.97592,144.85686,-105.238045,335.34024,158.43613,-407.08688,359.98224,162.6982,-56.913788,305.48425,202.21642,-165.31299,310.76505,204.49133,-63.805676,296.1288,338.22507,-560.4761,443.48773,346.70944,179.01077,108.73768,451.51245,-406.99426,309.77216,473.63593,450.48895,171.2535,357.1978,16.796328,211.12122,387.25427,627.45105,183.16747,314.39023,-0.6248942,204.75958,347.60025,655.97705,212.37262,315.6795,-15.397029,218.29614,333.74533,636.14844,214.55542,328.57343,23.162794,223.86842,351.38437,620.5657,298.0286,746.8809,-228.8101,384.41824,746.1267,228.915,261.63562,1001.2024,126.708786,396.19833,958.5362,734.54877,218.32225,1244.0852,378.26218,394.71558,1170.8225,1173.8829,242.92851,1300.9138,401.1713,405.56308,1220.1134,1221.4412,88.741295,1265.8274,321.0115,299.03177,1159.3407,1254.1577
000151.png,348.37064,191.07697,-9.905585,357.19766,165.34915,-101.51828,355.4228,165.05476,-101.55841,353.2913,165.07312,-101.59172,367.83636,166.57545,-34.88329,374.1826,167.09123,-34.878483,380.41095,168.07812,-35.01535,363.51505,181.02454,-349.68213,406.57864,187.65964,-57.048405,347.6853,220.5198,-82.33024,358.08597,224.5408,2.4352922,305.2381,355.73407,-494.96576,490.60638,381.68127,132.30646,137.29704,482.51154,-332.90857,374.98508,505.80106,434.11047,206.90686,378.75607,45.62389,271.3486,428.17426,677.24243,217.98807,326.76047,24.847181,256.2734,406.0794,709.86584,246.00107,326.1058,6.441808,268.15634,370.21106,693.39276,247.77776,344.31464,47.7744,253.04515,404.41415,674.8944,325.8181,767.25555,-202.87245,424.2317,770.36755,202.79033,286.04562,1026.9692,174.61783,437.5215,986.42084,700.22974,246.06366,1261.2404,434.06668,434.80225,1187.3348,1120.9944,264.4493,1314.7281,458.8377,438.10162,1234.0419,1167.2565,118.73786,1276.1311,393.23026,345.95682,1176.1161,1191.8352
000152.png,401.7884,219.30594,19.469706,407.4436,194.12762,-70.67772,405.03555,194.4144,-70.76958,402.30936,194.89363,-70.77288,419.23145,194.26581,-11.638282,425.694,194.81523,-11.683267,431.83206,195.8071,-11.877019,412.895,208.6988,-319.0264,455.38058,214.24095,-60.68787,401.24173,248.01367,-52.794285,414.1721,250.98953,22.00684,358.67383,375.65848,-451.88333,541.5648,384.97906,94.19738,205.96599,492.01746,-298.44666,439.07623,472.08652,415.46924,251.29495,403.1406,82.155334,323.6403,407.0509,683.0169,241.08727,362.15756,65.95422,304.64886,376.22058,714.0507,292.68536,369.64233,43.475048,300.2028,368.1526,687.4116,294.38977,378.778,82.57772,305.35916,379.1595,676.1188,366.92902,773.69806,-189.6227,475.80026,779.01807,189.47336,324.27042,1032.4908,157.08852,483.75085,1006.75745,624.88074,274.5164,1269.6257,386.15097,486.7285,1210.7306,1016.3907,288.88672,1326.9062,409.19333,485.3923,1258.5048,1060.439,154.33507,1277.2377,354.79016,410.70038,1197.0737,1073.9008
000153.png,462.16763,248.81207,61.987797,463.47925,225.57649,-24.50932,460.12088,225.52917,-24.584751,456.2105,225.6217,-24.6011,477.91837,225.9886,15.383498,485.5659,226.46313,15.356295,493.16306,227.50877,15.176328,461.79602,236.89996,-265.45993,517.4973,245.76318,-93.54064,460.06363,275.8047,-6.539735,474.81284,279.32452,43.0061,403.47168,406.1049,-367.40906,595.2816,415.47528,15.876615,248.71048,520.24945,-179.46169,505.45047,483.9477,337.23605,325.21848,437.24158,193.0211,386.20187,412.25894,667.36597,342.68063,392.90656,190.54497,371.6963,376.4621,702.84393,361.10822,401.45535,159.19081,375.90536,378.06982,680.8579,360.2001,408.5613,189.96362,355.7599,393.97012,664.85645,408.14825,801.0631,-146.10655,522.31976,806.6516,145.70488,365.84088,1053.8068,150.85403,534.29193,1029.137,542.03046,315.8913,1289.7588,331.1633,538.39197,1243.8235,866.1835,325.22546,1344.5377,352.21225,535.1319,1284.8292,904.4936,207.93681,1286.4271,316.6735,469.7767,1217.8615,922.7021
000154.png,490.07364,258.94684,148.91069,490.8846,234.98216,57.26372,487.13965,235.07733,57.12989,483.17212,235.47935,57.030865,506.3466,234.8244,92.91085,514.07336,234.99825,92.88704,521.57306,235.75922,92.68318,489.00104,251.56534,-220.25304,546.6675,255.12805,-66.92396,486.83698,285.70712,65.59558,503.35007,287.02417,109.95622,419.74136,416.98615,-346.63556,640.8349,421.4576,-5.6769085,280.84723,538.2529,-133.23518,598.9165,546.47186,305.5969,382.01166,486.77646,310.5651,500.47696,492.281,714.00714,393.707,473.20593,328.4143,484.316,482.55093,768.8722,417.4225,465.2662,302.63678,474.822,470.32144,751.27234,414.73798,474.6447,311.65793,472.97357,473.4445,715.4514,426.19617,819.54956,-127.671394,554.0689,823.0981,127.333015,387.87512,1064.8496,143.24194,561.07715,1042.6423,502.44727,323.79028,1314.6409,300.1139,567.69904,1270.1371,792.61066,331.26477,1369.9705,319.9544,567.2846,1315.2086,827.20074,235.93211,1303.509,304.3024,502.3739,1247.3085,862.7452
000155.png,540.9572,280.86896,126.58012,540.1667,258.39694,43.54137,534.87683,258.6593,43.418835,529.5863,259.25165,43.291145,558.65674,258.83395,80.29796,566.14923,259.59607,80.30344,573.77325,261.0283,80.13636,529.2491,275.69858,-202.16576,592.05817,281.78748,-44.411953,532.0294,308.20294,52.929462,550.64154,309.31308,98.84372,454.19727,436.24402,-315.70148,676.2483,447.91467,12.2911415,316.80222,549.5823,-112.18934,643.6506,605.7544,254.3893,395.8754,501.16745,325.76212,549.3388,605.97064,554.427,416.27158,488.42395,351.5232,531.8893,611.516,601.059,435.39127,480.90213,341.56998,523.3608,599.2812,577.69385,435.7631,485.77365,334.13397,523.2276,596.2631,551.4261,466.65686,840.2972,-112.118546,587.4354,839.6867,111.7785,415.76303,1089.4087,96.53627,597.7009,1068.7971,388.83386,354.70377,1322.1544,179.63042,609.4123,1298.5725,584.4707,359.2017,1384.3293,190.84871,606.4365,1337.2792,609.05206,266.83704,1304.908,174.90392,565.55634,1299.0273,649.4734
000156.png,564.97,300.99316,179.05045,564.6583,277.14636,91.37843,559.0068,277.84814,91.24134,553.4654,278.7894,91.201744,583.6994,276.75,121.26074,591.6322,277.45776,121.27471,600.1599,278.84805,121.0765,551.49524,292.96576,-173.46823,616.79443,298.2217,-45.934673,555.91376,327.46426,99.90016,575.3766,330.30258,136.78453,473.34058,454.8778,-278.0515,692.95215,464.7303,-3.024732,350.20682,565.0056,-79.10188,647.2584,561.93335,260.48096,396.65298,493.53516,348.20477,532.09216,505.24384,641.9754,383.3117,466.77496,371.9903,510.02112,493.6758,701.6245,408.37375,457.80237,366.2773,498.2329,484.79944,684.60834,415.2357,466.43005,357.97147,499.13742,489.56622,644.3692,474.47406,833.4554,-70.2812,610.2914,839.2101,69.83455,430.1881,1078.4498,91.60094,613.43,1069.2715,334.85648,361.0013,1308.6244,210.68665,625.07,1311.0708,473.58,354.33267,1364.6423,224.89984,624.2941,1353.184,491.52286,319.39804,1295.2284,228.61774,617.67017,1307.7697,525.0589
000157.png,586.79803,302.1813,189.03586,580.76434,278.58176,103.20963,573.1162,278.8991,103.0902,565.04175,279.5029,103.05185,603.3117,280.64398,125.829475,611.13477,282.3631,125.89596,619.68054,284.73868,125.74129,554.27496,295.42557,-157.66084,632.30646,304.16995,-63.60302,572.46533,328.27188,110.80883,596.8068,331.8525,137.95735,466.03433,444.2309,-269.61084,692.7318,467.12903,-22.626759,353.41895,566.24976,-90.312195,627.13525,566.1193,195.40488,406.9946,508.95703,308.9688,507.2452,504.15356,535.229,397.89664,486.2318,333.87256,485.0755,492.37634,596.183,426.77417,479.4717,336.08255,468.9866,482.62213,575.6963,430.46692,486.1407,320.9922,469.9286,487.52448,535.3937,471.19186,829.7865,-57.556484,607.48254,841.6772,57.306583,423.0861,1077.1349,128.54851,608.16315,1073.1813,340.4992,350.84497,1302.8428,287.54996,623.8604,1308.512,471.73712,337.85205,1349.2118,305.66785,614.43134,1347.9133,489.23605,324.28012,1290.6852,322.45258,596.57886,1278.0093,525.1945
000158.png,573.1116,284.61154,246.24559,568.0013,262.8982,155.95067,559.8824,262.44266,155.82858,551.26117,262.52722,155.75307,590.4134,265.91132,176.23865,597.6098,267.3376,176.33229,605.25073,269.4144,176.1803,539.9409,278.8081,-121.48394,617.0751,288.65546,-37.525574,558.92175,308.0669,163.34279,581.5608,311.47287,187.19025,445.57755,427.91037,-233.47807,681.9615,450.86053,-26.605093,341.0218,556.8925,-15.685429,659.05133,569.67804,226.93094,431.2348,500.6344,412.96286,585.5723,493.5918,665.64343,443.32803,479.77606,449.9574,574.74,479.14798,740.2792,459.8789,471.6833,442.02127,560.2029,466.2495,732.6431,460.1107,481.10263,422.03357,556.29254,472.0193,674.33887,455.0302,817.5884,-46.718227,594.47754,829.2003,46.505436,402.05328,1073.821,90.11063,585.99243,1075.3634,263.82245,327.13504,1296.0616,190.53706,608.71594,1321.9839,289.4023,310.9095,1349.5411,204.31456,606.8677,1377.6455,295.5389,304.00943,1277.232,215.94743,580.43427,1297.9294,314.0762
000159.png,561.72437,284.7904,229.36917,551.57666,261.82828,141.8662,542.74194,260.97913,141.76967,533.9641,260.6507,141.66902,577.1249,266.51752,159.47292,585.6978,268.62762,159.56749,594.8864,271.3837,159.40549,522.1002,276.16837,-129.73012,605.42145,289.96646,-57.062103,544.6888,306.64078,148.4251,572.1717,311.08926,169.17398,422.96786,432.70303,-236.24086,656.96643,449.33932,-59.462105,332.1609,558.4266,-20.04308,628.1695,571.2561,176.07513,417.79776,492.0059,390.0161,570.12317,506.8373,586.10406,427.9224,465.84872,422.3861,563.3355,493.2644,653.76526,445.3685,459.46417,417.8405,550.42126,479.22528,650.91614,461.76358,474.95602,399.04428,545.43024,484.5671,595.9384,436.8392,809.21594,-38.322624,579.32684,819.64526,38.23139,379.09598,1066.1038,82.91215,564.89557,1075.447,288.47073,300.5845,1283.2756,139.44818,586.1181,1311.831,401.77475,280.44458,1333.4557,148.31831,580.0305,1362.3591,416.4755,302.31802,1285.6011,140.89972,584.5573,1284.461,433.8396
000160.png,537.1161,282.62753,251.04236,529.097,260.78894,165.838,520.6184,259.89316,165.76076,511.8933,259.42035,165.65355,552.58984,264.57578,175.98698,560.3467,266.06708,176.0988,568.6239,268.20294,175.94908,498.33295,273.95502,-92.47821,581.59467,286.92462,-49.18874,521.1848,303.5043,176.94833,547.19366,307.73462,189.19118,399.3542,422.10278,-167.46786,632.443,445.71136,-72.23018,337.11258,556.3211,46.798817,644.51074,594.45984,175.98175,391.0514,481.4082,471.40314,573.2518,516.5815,615.57623,407.55722,461.63232,518.4616,547.87537,503.34314,691.20526,423.1215,456.37,531.43915,543.30206,492.1301,685.8462,422.89594,468.0126,489.1562,545.3807,497.39526,625.9839,416.3744,797.4435,-8.919174,551.31085,809.81476,8.7436,356.9348,1051.3527,143.9983,539.38525,1061.7673,263.596,277.81543,1267.5182,252.06578,561.5409,1306.6753,360.17636,261.28595,1311.8506,267.89694,555.1617,1356.5029,373.55856,287.04263,1255.0184,291.2407,562.2464,1291.5907,392.06638
000161.png,521.4502,277.39496,224.72388,512.7124,254.43214,148.39929,504.438,253.19658,148.36078,495.75833,252.56711,148.29012,535.93036,258.74994,147.46672,543.42474,260.14703,147.54385,551.4042,262.12033,147.39304,482.63135,266.9316,-73.30685,560.26,277.79434,-78.295654,506.08383,297.4803,163.71756,531.0445,301.3429,162.33118,379.7353,409.11288,-102.36733,614.7064,437.698,-144.66618,344.86072,535.92065,131.0558,640.14374,589.3253,94.438385,401.63977,483.75067,570.6801,570.25684,518.7497,563.0703,412.80878,473.72635,628.53986,551.16583,506.73047,637.915,435.51303,468.3408,642.38306,539.37354,496.2573,628.01764,439.2888,474.5194,588.7929,541.5857,498.59207,573.0245,401.39902,788.1875,32.78519,530.2125,798.7004,-32.92336,336.18234,1039.8579,159.7721,514.30164,1061.1732,170.22404,259.48062,1266.6271,220.36111,532.36383,1302.1343,255.88133,239.89621,1315.684,229.07794,528.98425,1357.0273,266.18857,286.61957,1252.435,237.99684,555.85876,1298.7059,263.11328
000162.png,497.95898,275.4054,140.81224,490.18173,252.11134,74.51389,481.66803,250.74771,74.465256,473.10153,250.01529,74.39768,512.1355,255.64293,63.10814,519.0951,256.68033,63.176678,526.4566,258.1739,63.060394,455.98782,263.31418,-107.289604,532.93756,273.02975,-160.6636,484.03027,296.40094,94.00329,505.45642,299.4176,78.61664,342.01602,414.32965,-100.72936,571.9146,437.5609,-219.00005,338.32028,527.63574,163.4146,619.92017,591.66846,-26.904314,379.44705,472.01712,595.7959,554.6597,492.80515,384.8203,381.28,455.2643,649.5018,542.80646,473.86987,442.99625,402.0775,443.83676,663.8868,526.6325,464.59824,430.80167,408.5733,452.49307,612.99426,526.474,475.23712,392.56528,372.23175,803.01843,54.83498,499.0613,812.81464,-54.84298,303.86462,1048.1223,190.69429,480.67227,1071.5284,192.46782,227.78494,1274.8069,277.5784,490.12192,1312.1991,325.47922,202.05637,1324.3055,288.9342,488.5693,1364.468,340.36032,259.5545,1251.9077,282.33197,530.8934,1307.2932,326.40143
000163.png,485.5592,284.34796,184.6049,475.84354,260.01187,123.04377,467.8782,258.19662,123.02829,459.76233,256.91913,122.965996,496.63104,264.98926,106.37139,502.7588,266.3097,106.434456,509.11212,268.20557,106.30019,445.05548,267.71692,-48.355522,513.3762,281.36496,-124.12748,472.46426,304.22528,141.07326,491.88275,309.2843,119.42242,333.4522,414.78757,-21.417166,550.31116,439.47528,-229.63809,332.62372,525.2998,259.07297,618.65125,592.17303,-52.42706,398.12366,463.0234,688.2578,569.7897,503.55704,361.35303,405.94598,450.01215,746.549,557.89606,485.9873,416.00558,423.1997,441.2226,757.08887,540.9809,473.99652,400.68814,427.27728,448.70026,703.344,540.9372,478.6071,368.1363,363.1732,802.06934,86.342125,485.06958,812.7818,-86.51757,293.9234,1043.5935,198.11575,465.879,1071.0992,157.2718,224.17734,1274.127,255.6032,481.63376,1308.4507,282.1471,199.48036,1320.9281,263.20428,466.3766,1359.2612,296.12415,257.294,1254.811,255.95511,542.1161,1317.7535,282.60565
000164.png,486.0303,298.1806,112.78911,475.1686,272.68002,62.093132,467.80383,270.69214,62.09124,460.4212,269.01373,62.041367,491.32898,276.7643,35.99183,495.3473,277.2745,36.04389,499.7655,278.0698,35.903046,439.9234,276.45532,-69.06519,493.72733,286.06378,-186.76256,472.85608,318.6121,83.25503,486.48834,321.9563,49.420155,323.56128,412.10883,-23.442215,524.2763,438.8385,-279.74744,326.87473,527.5915,281.5162,601.76624,584.1086,-103.360886,393.4711,486.80453,690.3441,567.3221,509.2483,314.3168,400.99722,481.9082,749.73126,564.8707,493.38718,363.23337,418.66455,471.04617,748.3383,555.77313,478.90048,355.54254,422.63107,475.21494,700.5785,540.1851,486.63593,324.69012,349.33218,798.85077,88.884476,464.86755,809.0236,-89.099014,278.10553,1029.3395,284.21637,447.34274,1066.493,133.12186,218.50273,1242.3699,415.74548,447.6259,1300.8282,268.92725,197.23074,1285.3584,430.75418,430.31122,1349.4912,283.88208,261.5342,1229.1671,432.76163,530.7038,1313.4192,258.69662
000165.png,476.975,285.14334,99.961555,468.44217,258.41425,54.18787,461.4906,255.99597,54.169785,454.27298,253.81262,54.08807,483.16098,262.28458,24.260681,486.66296,262.68408,24.339705,490.19327,263.18527,24.266344,432.5161,259.30875,-62.40576,483.92032,270.4212,-196.92862,462.52832,304.6131,75.58367,475.73978,308.5611,36.74736,309.51205,395.97955,3.3390322,510.8889,424.4093,-290.7631,355.50497,507.06586,319.43472,587.11285,570.36285,-114.61605,418.87836,459.01028,717.8584,547.9596,495.21228,281.76477,424.1182,449.48523,778.7274,543.69403,476.0767,322.3994,440.1714,439.40094,780.7988,520.99695,465.06683,309.0814,443.67554,445.36066,729.0762,520.5541,473.61765,288.41898,330.45126,776.6205,101.31267,446.17212,788.6504,-101.60106,264.12512,1011.285,326.17282,424.4725,1037.5631,170.47731,208.84213,1214.6959,496.56006,426.25092,1273.8959,349.2004,192.20053,1261.5244,516.2068,402.68372,1326.9926,368.86658,253.28728,1209.8524,513.2359,505.95544,1296.4575,339.01984
000166.png,479.40622,280.1687,41.839153,467.81476,252.54668,4.8206224,460.56595,250.29579,4.82419,453.3705,248.46994,4.7758603,482.52563,256.08057,-34.6679,485.90036,256.30835,-34.609955,489.362,256.65253,-34.70903,428.74408,254.39592,-79.944305,477.3809,263.56458,-256.5454,462.80164,301.37637,28.087542,476.9843,305.61597,-22.64919,299.2098,395.59412,15.878231,491.56445,415.2575,-365.6881,363.18335,519.83496,338.15433,591.15717,564.4971,-174.53387,424.74872,482.1375,727.5146,537.3589,503.42526,254.96017,429.08524,476.33096,786.5967,526.5486,491.10672,296.85913,443.1413,464.43945,793.60834,503.13168,484.27945,277.43423,445.92276,468.02646,738.8084,503.60068,484.99466,260.09033,325.2783,773.8664,125.57898,437.51898,787.42883,-125.8352,263.73132,1008.27405,419.46127,409.9766,1036.3577,161.35634,208.0909,1205.8044,653.7577,410.9982,1274.3832,377.1471,192.25076,1248.7186,678.8703,384.3895,1328.7493,399.7368,255.3148,1201.451,676.2684,505.8426,1296.9147,356.05682
000167.png,510.95016,280.5126,-12.758559,498.3735,254.16058,-44.869705,490.63702,251.90317,-44.852413,482.66895,249.79648,-44.90337,510.54398,256.17398,-91.19247,512.40485,255.71297,-91.15767,514.03546,255.31134,-91.22149,456.29492,254.8268,-110.931694,493.90314,262.1084,-316.49304,490.40378,302.63345,-19.370867,502.16675,303.81818,-78.58563,332.61633,396.01398,24.56772,509.72473,413.7229,-439.69604,411.6877,511.1102,344.8997,619.4897,564.6384,-261.50952,514.5855,467.74722,644.4816,584.15845,508.40045,129.08081,538.17957,456.4272,694.16724,575.15546,494.07336,149.22551,537.55206,446.07132,681.28973,560.6337,481.70352,138.12512,531.2634,451.58572,645.1913,559.0669,484.99805,135.64552,346.0368,760.8624,149.39464,453.3917,777.52814,-149.51791,286.97327,989.2875,447.7182,426.43823,1027.7328,113.585106,239.02942,1187.3071,717.0815,425.2494,1268.3926,316.01276,225.51903,1229.115,745.1599,400.8655,1317.0643,335.65805,300.7114,1188.2028,723.63513,526.3559,1295.7671,266.3041
000168.png,516.6049,283.66394,-56.480385,505.6406,258.3993,-76.84112,499.58405,256.9171,-76.82877,492.88263,255.61444,-76.83425,513.50073,258.9208,-134.21135,513.9255,257.96606,-134.2468,514.032,257.21426,-134.33878,461.57596,259.09763,-101.66149,489.48596,262.88852,-358.04807,498.77844,304.4482,-48.72225,506.71494,304.8065,-122.80836,323.38104,394.28085,47.799824,507.2219,411.13235,-473.0537,383.82617,506.3394,370.72128,599.3144,576.60394,-301.76743,492.5135,479.009,636.4948,593.39923,534.6117,70.82042,511.062,464.88196,679.4236,601.75037,549.207,78.27301,521.1942,454.6744,652.0927,580.5589,516.83057,75.760895,522.39514,465.3483,630.38916,565.7403,511.91345,80.851456,343.97314,755.58435,159.99971,447.8572,771.203,-160.17741,297.00467,980.34406,448.33624,426.34143,1013.7849,115.23587,254.02719,1170.7583,733.85626,416.91788,1260.4186,362.07867,241.45152,1211.2604,761.8177,394.09192,1304.2666,385.6731,305.15417,1172.6047,732.1399,521.5597,1283.2908,312.69818
000169.png,519.9488,253.0295,-87.95784,510.11514,224.52478,-114.40635,504.64496,222.57379,-114.44455,498.99326,220.83984,-114.47147,518.3192,226.21239,-169.15668,518.7325,225.67595,-169.15665,518.84015,225.21669,-169.17946,467.98895,226.01984,-146.04669,495.7969,231.3168,-388.40796,500.09525,275.99158,-79.962166,506.83,277.3382,-149.78793,330.59515,371.57095,32.923733,500.86557,389.02884,-475.75372,395.25812,501.9337,402.13324,622.3735,555.1959,-290.20032,465.5871,455.44485,685.4645,590.4188,456.5932,61.44443,469.06464,440.6209,735.7914,592.86676,420.9074,66.63886,475.8013,425.15268,721.96985,572.88354,413.58173,55.12899,487.35016,434.73975,686.76996,561.6515,422.2165,67.34388,348.52753,735.5259,165.1766,446.04703,756.3921,-165.34727,305.96365,945.2149,527.3023,416.86508,999.04346,169.59149,256.08362,1146.2601,906.8641,401.47726,1243.8943,452.57068,230.88162,1188.8445,945.2335,366.63556,1289.0664,478.09003,328.62857,1146.4553,930.4647,505.6006,1283.0443,400.8714
000170.png,514.8952,257.64795,-49.972725,502.31128,229.7458,-74.485916,496.7942,228.11858,-74.51388,490.92508,226.36276,-74.563866,510.3181,230.36757,-127.916916,510.14145,229.1015,-127.91923,509.6429,227.71483,-127.97739,457.26303,230.0338,-108.75798,484.8134,233.70792,-346.75073,494.66797,282.0304,-45.009285,500.7017,282.90063,-113.59242,327.66156,374.91483,58.043293,486.79166,387.5097,-458.341,403.0996,502.3615,409.2363,606.1572,544.87317,-297.68478,502.40472,450.31607,684.15265,578.6299,432.39606,53.936295,528.84534,417.41296,732.3315,591.1954,402.467,61.748352,533.81305,416.3537,715.9318,569.57764,395.50714,50.71505,528.2989,421.78073,682.6508,559.7647,408.15662,59.711334,340.86108,733.2847,166.93596,433.00146,750.1653,-167.06651,297.82535,950.74176,546.1523,397.70953,998.5871,88.760475,253.30339,1149.7947,915.5264,377.51968,1249.2748,293.6238,207.67612,1193.2235,952.66376,345.7499,1289.09,311.12213,335.49387,1161.7865,942.00146,489.19766,1280.037,222.94987
000171.png,532.6885,245.55392,-104.07721,522.6493,217.82101,-124.34629,518.06134,216.4761,-124.38554,513.4027,215.37231,-124.37331,527.247,218.51378,-182.45737,525.888,217.44403,-182.42654,524.20776,216.5673,-182.38855,477.2059,219.40213,-129.56763,496.84314,221.17235,-390.32568,513.86005,268.8756,-88.04097,518.0828,269.23486,-163.13667,346.35092,360.29993,42.19606,491.2012,380.51166,-465.1829,407.26266,509.9862,380.16238,613.5322,545.53674,-314.1644,482.2364,451.62677,611.9121,589.55664,420.0982,-4.645583,486.20825,435.0873,654.5961,604.6374,381.8913,-2.0311217,500.8833,422.84735,642.9561,581.48444,374.37573,-15.438023,501.6092,429.80478,612.57294,572.9388,384.94168,-0.42073745,351.61398,724.00696,162.65958,436.4718,742.33325,-162.7612,311.77298,937.19867,561.3539,405.96747,989.0983,70.43879,269.19022,1123.9009,940.4312,369.70435,1236.3171,251.5739,230.98334,1164.7947,977.5375,338.208,1278.1671,265.9694,349.1024,1143.0393,971.9743,490.77658,1278.7505,174.87299
000172.png,532.41,251.57147,-131.99734,521.26953,222.33421,-138.59732,517.43616,220.9893,-138.6303,513.29553,219.80638,-138.62329,523.05,222.18011,-203.30128,520.6947,220.70493,-203.3013,517.81354,219.24832,-203.2831,478.2647,222.52939,-101.438835,487.2331,223.67078,-394.31592,514.5869,272.33368,-103.42138,515.2798,272.71246,-187.84932,357.17636,362.7796,84.411316,459.37643,371.8355,-476.0655,453.4638,507.80664,340.34848,594.97955,535.0771,-341.87958,556.4971,443.76483,459.12253,600.07074,429.9388,8.725985,581.65247,412.65842,486.50925,624.4596,390.85345,13.677118,571.5851,399.39496,473.83603,596.23755,383.58954,11.067725,561.29266,410.16086,454.86185,581.8423,396.83475,17.604532,357.7999,717.3492,177.54604,429.13187,735.3528,-177.51247,319.86096,925.3604,576.0684,399.12814,978.65424,30.891916,274.02277,1120.9307,944.549,352.78387,1229.9048,200.88394,237.12999,1159.2296,979.2743,322.10672,1268.4805,212.72897,358.1159,1151.3911,950.09845,466.50204,1273.4832,100.349915
000173.png,528.6823,225.09482,-231.93025,519.00824,196.49564,-212.39565,516.0561,195.29245,-212.44565,512.48425,193.85776,-212.45291,517.0111,195.93207,-289.26175,512.615,194.37482,-289.26712,507.3261,192.60236,-289.3077,475.3181,195.64401,-74.53606,472.86624,195.8983,-421.35382,511.01913,248.80933,-169.63527,507.7524,245.85875,-269.72394,381.75702,346.0135,170.48752,429.89188,350.09146,-507.86642,485.72293,484.15866,313.08694,577.72235,509.14764,-400.69147,561.2206,406.0224,253.04845,597.817,397.02176,-11.736087,583.4232,366.89706,254.29883,617.4027,361.00262,-11.3540535,570.39795,356.4427,252.72406,591.5119,354.8972,-11.202786,560.7941,369.68655,245.98778,581.6549,362.5305,0.11435305,379.63763,700.8016,205.01114,409.22235,708.98315,-205.26453,345.11832,922.3547,531.27405,382.7401,961.9099,2.132526,289.7314,1127.956,871.47284,343.0952,1216.2827,215.64445,249.11703,1154.3068,899.9827,314.12256,1260.1156,229.3183,349.2634,1171.8617,835.4597,449.23618,1271.8726,90.60685
000174.png,512.57385,236.22339,-198.35904,502.4095,204.95923,-178.10233,499.41632,203.46703,-178.14337,495.7481,201.94376,-178.17084,500.81454,204.99423,-257.16132,496.75018,203.50508,-257.21637,492.04764,201.83127,-257.3112,460.34998,203.48013,-37.668396,461.1925,204.54791,-394.7716,494.98337,258.54276,-135.34647,492.51102,256.2975,-238.3336,366.37018,346.77975,218.81078,416.8699,358.1896,-499.6312,454.72525,495.41867,375.76938,552.37836,523.5281,-370.9375,548.586,418.63852,325.1035,589.40576,403.74307,76.27116,571.7049,379.84506,330.09497,608.2099,372.3414,90.97897,565.03864,367.76794,329.0203,588.70685,361.16122,85.64969,553.3845,377.78674,317.58447,579.248,368.66046,88.60234,366.29257,712.8525,217.76988,387.66254,721.0057,-217.95671,344.38678,940.43207,533.6122,348.56946,971.583,-27.912537,300.0988,1159.6125,844.7207,319.6934,1226.2443,159.76799,252.47394,1176.502,869.8565,283.864,1272.3806,171.5346,383.77814,1195.4448,812.9821,433.228,1289.8473,36.42949
000175.png,528.1754,214.24684,-181.14647,517.0251,182.31612,-157.7669,514.5103,180.86484,-157.74171,511.24008,179.3913,-157.71559,514.1059,182.36389,-246.76157,509.7591,181.04674,-246.83786,504.90472,179.79715,-246.92271,475.1311,182.49956,8.68563,473.4188,184.52928,-390.7758,512.17114,237.57356,-108.595856,508.29172,235.74477,-224.16655,402.98727,333.55438,268.57352,410.89478,340.7241,-521.06006,496.0314,484.4936,224.22884,547.2815,509.0287,-362.42343,573.1565,411.13113,-137.10306,597.0443,396.84323,167.05399,592.35333,377.77005,-180.28806,615.4751,368.45294,189.35164,580.3441,361.69873,-164.402,598.9655,353.59097,169.82623,568.8803,371.7701,-148.55154,589.9189,362.11368,178.36855,404.23962,696.02527,236.46436,381.82074,701.49347,-236.89732,375.11182,940.0145,530.00714,346.55295,966.25073,-20.598967,312.5761,1160.6829,830.24713,311.9305,1211.4269,186.79694,275.76712,1184.4753,854.28186,277.95682,1256.1653,200.9119,409.68564,1210.0072,776.07837,427.91086,1288.3418,41.615177
000176.png,520.7662,238.31815,-175.64612,513.75604,206.70102,-153.46753,512.2094,205.92511,-153.42915,510.05817,205.0379,-153.3614,508.27847,205.53978,-236.34773,502.83633,203.89784,-236.42245,496.5793,202.1604,-236.47108,473.08,205.6279,13.998641,458.91922,205.56535,-359.13126,506.41058,263.56946,-103.45547,500.79813,260.82242,-211.28806,410.86026,352.332,262.04642,392.35437,350.75037,-487.4971,478.4585,510.3793,166.7709,523.8347,513.04645,-357.00012,566.29407,444.04688,-288.53848,591.22253,412.76566,117.846275,589.69183,411.52838,-351.36124,607.92896,387.50787,136.33673,575.8671,399.06897,-345.21542,591.55835,376.67313,109.1662,563.89453,407.93192,-306.7249,583.00543,384.7667,125.52131,412.1587,718.63544,223.18938,367.69556,720.2441,-223.54294,371.57776,956.6777,579.03986,331.08655,989.7899,-26.567265,307.8978,1150.1211,917.04047,294.04047,1224.12,154.36258,274.54236,1171.3185,945.4225,261.70984,1270.5361,166.8275,412.11398,1205.9781,870.9365,409.2937,1296.7527,-8.424912
000177.png,495.6195,216.07355,-196.29547,489.82584,186.15744,-173.74214,488.7468,185.34073,-173.72656,487.12357,184.6019,-173.6558,483.34772,185.41174,-257.3346,477.6427,184.03444,-257.41794,471.28308,182.97305,-257.44705,452.6469,188.27705,-2.3509772,436.1935,189.97604,-378.6064,482.09528,242.06989,-122.60484,473.59424,241.99522,-231.3536,391.58414,335.32657,246.02025,370.14267,338.0358,-509.23093,452.04105,502.1093,143.59988,496.96466,517.6112,-376.39313,544.04816,428.37433,-329.58884,574.8099,406.18805,119.564926,572.60583,399.7942,-397.5036,595.55853,382.9208,138.96172,555.70996,386.71442,-390.94293,579.86163,368.55765,108.81907,540.3139,393.14404,-348.40326,569.1242,376.1993,126.59183,393.53122,704.89233,227.46968,341.1828,710.68085,-227.85416,346.88928,952.3993,658.0617,304.42188,985.08795,-47.205074,295.30643,1131.9435,1065.9811,264.47928,1223.6017,104.46712,263.66528,1161.2573,1101.3873,231.41533,1272.9485,112.40811,406.04218,1169.1378,1030.9749,373.6852,1306.4413,-79.238396
000178.png,464.84265,238.83997,-188.20766,457.837,207.8576,-166.38167,456.72855,206.82169,-166.35983,454.97412,205.77792,-166.27536,451.11914,206.83113,-250.76013,445.24185,205.29488,-250.84682,438.59305,203.93909,-250.90205,420.0079,209.61845,4.449732,404.6092,210.57227,-376.58096,453.29254,266.02615,-114.65507,445.3848,264.74042,-224.64124,362.78732,359.0094,244.8383,335.17908,360.72852,-513.4128,398.51767,516.93396,141.98676,452.72327,538.461,-392.31464,496.61954,461.14142,-343.8119,541.16724,433.23087,90.17539,522.49225,435.29724,-416.73434,560.59357,412.78,106.78122,513.4979,419.32043,-412.9146,548.4272,396.75238,77.48776,495.39954,431.3516,-364.4482,538.7285,402.724,97.21583,360.60873,735.7394,226.73946,309.33575,737.192,-227.12079,320.4571,972.71,669.6889,262.78445,1006.8773,-57.86374,268.2275,1162.9111,1077.6228,220.56757,1247.1793,93.34894,237.11984,1191.1351,1112.4841,188.33519,1292.0304,100.755974,399.56705,1189.3651,1037.641,322.10944,1332.5221,-94.1414
000179.png,454.3466,240.85619,-227.6323,449.212,212.85524,-204.6369,448.78226,212.00546,-204.61116,447.87137,211.24358,-204.53105,441.94812,211.58609,-291.3073,435.73264,209.70944,-291.38367,428.20358,208.02583,-291.391,413.2898,213.32553,-30.858385,393.63312,213.6283,-423.96503,441.83682,266.5513,-153.45413,432.88113,265.67224,-266.8988,357.59735,363.52625,225.67056,326.38367,369.51215,-561.8582,408.5994,516.7506,164.92319,435.8032,540.79645,-425.8184,508.6867,442.67188,-286.29016,531.4132,431.37088,97.73467,537.47675,421.8664,-360.04642,554.43634,410.48004,113.73132,523.9513,407.79843,-362.06363,542.98395,391.86337,85.19541,508.1154,412.97968,-309.593,530.833,398.6822,105.47399,352.70184,728.1799,231.61256,302.07132,731.6798,-231.94876,324.212,951.6639,740.1674,249.08205,993.9909,-75.115036,284.98996,1142.7568,1195.013,206.30025,1238.2736,54.575096,257.84036,1169.5702,1234.9082,176.43083,1278.002,58.995827,393.73044,1178.6301,1164.488,306.6688,1327.5803,-145.28606
000180.png,453.42545,268.72937,-281.90988,448.16568,241.4364,-253.02724,448.7485,240.82935,-252.98013,448.88702,240.21819,-252.89655,437.53702,240.74004,-338.11258,429.55185,239.6121,-338.1892,420.32642,238.84134,-338.177,416.4234,241.96495,-49.522152,382.9499,246.14365,-433.95135,444.24777,294.92114,-197.71332,432.98764,294.8721,-308.7119,380.4886,385.61502,215.3612,318.11917,391.5359,-562.89606,420.91156,524.3684,98.44255,410.61655,563.68945,-413.23492,510.5166,457.03464,-424.1794,512.7523,470.59134,118.19207,540.31824,431.06436,-512.455,543.14526,444.61725,136.69455,528.6905,413.4122,-505.02426,534.84546,424.40427,106.34917,510.4512,418.6846,-446.38437,520.6058,432.0464,127.01942,366.05167,750.77167,228.57675,304.77313,753.8691,-228.92728,343.33444,965.8642,707.63306,249.51462,1006.0808,-77.484795,311.8922,1157.607,1152.6011,202.75949,1244.3186,70.16233,285.0215,1186.3505,1190.8945,174.13597,1277.0691,76.30537,421.54385,1203.2727,1100.804,288.661,1331.1876,-130.95404
000181.png,459.8866,270.73456,-281.03378,455.56863,242.79579,-256.95007,456.15518,242.03528,-256.86246,456.04007,241.22,-256.75723,444.97003,242.3271,-333.47043,437.55103,241.50221,-333.52148,427.72443,240.61873,-333.5332,424.57516,244.97446,-65.79376,386.2581,247.42133,-409.6689,450.82846,296.14426,-201.34727,439.13046,296.83475,-300.7978,409.99258,389.2604,177.73656,305.9916,391.10992,-511.77307,475.06818,533.78107,20.64647,390.6792,563.4161,-422.16702,532.99066,462.31635,-562.9968,505.63452,473.6505,-49.38971,557.63226,446.0743,-660.27295,532.25836,462.66043,-47.77517,548.429,419.07428,-648.0592,527.02466,430.0206,-74.9295,534.0969,424.30646,-582.75995,516.5788,433.6911,-42.07664,377.54123,759.26056,201.93172,305.25357,761.12756,-202.3375,354.14194,976.7025,684.8792,247.80905,1009.88654,-71.99359,324.4793,1160.0503,1148.3639,198.12595,1239.2045,58.70166,302.05463,1191.9424,1188.5314,174.06195,1274.9911,63.318573,435.72583,1210.0442,1085.9075,284.3953,1332.6895,-157.39262
000182.png,475.46628,305.32446,-301.12308,472.73697,278.51233,-274.30405,473.9418,277.99194,-274.1767,475.0647,277.31567,-274.043,461.09106,278.35275,-346.60513,452.29672,277.52698,-346.6519,442.87332,276.86395,-346.64728,446.72958,281.2631,-72.91159,401.79956,282.86707,-396.66742,468.76028,330.81146,-219.02258,455.043,331.26694,-312.708,436.31882,426.36978,159.1002,318.3811,426.14746,-490.43604,536.43835,558.656,-12.406803,398.72427,595.4764,-406.22858,549.4537,498.91623,-607.04846,515.1874,500.59125,-48.330738,571.469,478.39877,-703.54913,550.40826,483.8056,-45.411846,562.70404,452.70447,-682.1446,545.1776,456.32074,-69.60206,549.079,456.79126,-621.93317,534.5405,459.53342,-39.745953,400.29327,788.0204,190.85399,323.45245,786.76483,-191.31126,377.77124,995.3723,627.18225,272.84863,1025.2072,-58.877075,361.5661,1173.2125,1055.4172,220.21332,1247.6558,91.32234,337.5119,1200.9855,1092.174,196.02042,1281.546,98.794365,457.7255,1227.2634,983.9497,292.65628,1347.3358,-116.22108
000184.png,500.8029,316.82996,-347.26135,501.23807,292.70865,-311.98257,503.47095,292.15536,-311.83737,505.7302,291.48077,-311.69296,485.94565,291.85092,-363.98602,476.85855,290.83215,-364.01437,466.00577,290.00836,-363.98773,485.40335,295.7288,-80.26029,431.00052,294.09097,-314.18362,495.46005,341.72556,-256.76242,479.95572,342.72537,-324.3403,490.95267,435.94568,139.02373,357.12137,422.61633,-390.75116,610.4163,566.737,-50.06272,410.6147,585.8789,-370.42184,597.64105,490.25952,-570.026,539.03094,497.09723,-97.76286,601.3758,466.5214,-662.41974,568.1056,476.39944,-102.385605,588.44507,448.11533,-633.8385,561.2113,455.25626,-122.0804,579.6471,454.66437,-577.5759,551.1086,460.82663,-90.33597,446.5706,778.3453,164.56851,362.94962,778.137,-164.92091,429.5612,979.3307,548.9323,309.96167,1003.8396,-95.55272,426.57437,1145.919,954.63153,260.46033,1208.5369,19.729694,399.5482,1178.9889,988.66846,238.77171,1232.7955,23.286985,520.95465,1209.2808,873.42883,314.73196,1301.2809,-198.09866
000185.png,507.7551,296.52905,-364.59497,509.98578,271.8552,-327.52576,514.10205,271.2348,-327.40244,517.2974,270.67838,-327.2598,492.6515,271.7998,-374.50253,481.46216,270.97086,-374.55035,469.98642,270.60562,-374.58356,500.75806,275.8161,-89.917496,433.7634,276.75253,-300.58548,506.1698,321.01074,-272.1264,487.89856,322.58957,-333.01245,513.29114,424.2263,119.16209,355.1305,402.34348,-355.4605,617.4145,576.7105,-79.25259,400.1128,567.2212,-355.1629,583.0324,491.65808,-572.8365,531.53156,483.66153,-128.30356,586.40247,468.5173,-659.9173,562.0556,466.6506,-135.84058,577.599,444.58765,-625.17523,557.1824,440.99097,-145.44234,569.18414,451.70883,-576.32623,546.3244,447.07016,-118.33854,460.52423,766.03485,138.42828,365.3915,766.4764,-138.70702,450.011,970.7023,454.4951,311.5027,997.74457,-51.75475,445.9624,1147.5238,836.479,262.65738,1200.3582,117.53044,415.4016,1179.468,866.81995,244.2036,1221.2823,125.49382,534.71027,1212.3497,724.32745,302.69113,1293.4504,-104.414955
000186.png,514.76044,315.55087,-340.84845,519.20715,292.17133,-304.1314,523.2179,291.89407,-304.0495,527.2413,291.65848,-303.92126,501.50183,290.97507,-348.0615,491.0035,289.92902,-348.10995,479.46982,289.1742,-348.10052,515.3447,297.67828,-73.42087,444.16034,295.99237,-270.54025,513.54126,341.74222,-251.0896,496.1585,342.5229,-307.89868,523.7481,441.40015,124.78127,370.02704,414.7549,-318.84695,627.2116,580.9569,-66.09926,395.5649,578.92773,-324.18866,598.9435,495.56247,-526.6218,522.876,487.51053,-98.87434,594.9628,477.9491,-612.2856,553.8187,470.64902,-107.473885,586.8314,455.12692,-580.62427,548.57306,448.0056,-115.02276,581.94403,461.21405,-529.9154,538.72504,453.89807,-89.05073,476.41995,774.29346,128.1361,376.8318,772.3867,-128.2768,467.44473,985.7148,442.02686,320.10556,1002.5679,-54.819862,464.71973,1156.0251,825.4153,269.58725,1196.186,93.69374,436.61255,1183.7058,855.6186,256.67017,1218.0868,99.77831,545.5164,1224.2455,716.6802,297.51953,1293.87,-124.91409
000187.png,515.56635,324.68533,-430.5089,520.8571,302.99527,-386.7104,526.2219,302.63104,-386.65717,531.1323,302.41638,-386.52725,500.19458,301.9479,-421.4754,489.58438,301.20148,-421.53906,478.41354,300.9797,-421.55646,527.5156,310.01297,-123.69722,449.1451,309.30176,-278.95483,519.22504,350.0698,-329.74887,497.0101,351.28555,-374.86066,555.6927,452.50415,85.43858,378.55994,433.50284,-296.4117,647.8321,595.4938,-162.79424,388.70297,587.22687,-439.55862,592.0803,502.57953,-636.8945,516.10876,500.1131,-447.51727,577.17285,482.24728,-723.4756,549.0115,478.0947,-491.2536,568.08356,462.46146,-684.3282,545.09906,458.9659,-480.0038,566.70386,470.55035,-635.1559,535.4592,466.56683,-436.87726,491.326,781.44055,109.03445,385.38962,775.82306,-109.24011,482.93307,996.3058,355.45862,332.72934,1001.44867,-98.305435,487.2435,1163.9053,859.044,279.50253,1196.3937,128.43723,461.6919,1192.4382,898.5206,269.41107,1211.8702,138.97498,550.60333,1239.8802,707.8635,298.48462,1288.5505,-136.70168
000188.png,535.52686,314.99963,-470.32516,539.85516,292.01584,-426.3978,544.6095,291.79666,-426.34122,549.53973,291.82565,-426.2122,520.2019,290.91037,-452.81522,508.6843,289.9292,-452.8859,497.85333,289.9381,-452.90115,545.5233,298.62482,-166.71655,469.401,298.511,-284.2224,536.8658,341.50275,-371.89703,516.5622,342.14655,-406.10574,586.2234,444.28275,22.312231,393.70544,426.65298,-276.39008,673.63403,587.16693,-208.5283,387.89542,575.9221,-498.87515,605.478,501.70325,-624.7361,517.40204,491.8175,-650.8742,587.6576,480.43927,-704.62756,553.83716,473.0628,-712.2715,576.27625,459.29422,-662.9556,556.0726,454.4164,-687.55554,575.6041,467.78125,-618.3727,545.7483,462.03235,-638.41187,512.82465,768.2002,82.143166,398.47012,760.7042,-82.38083,500.19193,989.19836,274.11603,343.37527,989.84485,-98.21096,502.63565,1160.6221,803.7609,287.96414,1192.7855,140.9815,480.2675,1187.5781,845.6068,278.26923,1208.0482,152.01936,566.1597,1244.2987,643.4872,298.02686,1286.6499,-134.05402
000189.png,552.7136,315.37317,-488.16592,560.51416,292.9837,-443.84155,567.69653,293.3784,-443.85535,573.6218,293.7864,-443.81342,534.87933,291.04272,-461.35287,522.7729,290.69943,-461.38675,511.45438,291.09082,-461.37906,574.88,301.49957,-171.2441,489.0561,301.32245,-245.78784,558.65405,342.24216,-383.55807,530.82935,344.19684,-405.72842,606.7885,444.12158,21.174856,417.76776,426.2866,-191.01666,692.8927,593.85535,-227.36809,396.54306,582.28674,-420.32874,615.15063,494.51648,-659.7185,527.36835,499.71027,-667.0418,595.7182,472.38458,-743.847,565.4388,481.619,-737.83673,589.6614,450.15158,-703.9151,565.223,459.91266,-715.76044,590.4771,459.09665,-653.3763,555.87354,467.23337,-658.95795,532.8946,774.5361,56.29063,411.9773,759.5361,-56.406532,519.26776,1003.67706,172.68059,356.0312,998.2204,-44.21114,532.1074,1184.7711,672.5987,300.90497,1191.5645,267.4367,509.83673,1207.9685,708.9293,297.0507,1210.6521,284.28577,582.4187,1263.3542,463.13434,297.68845,1284.7478,-12.256987
000190.png,587.11633,323.20593,-414.53165,594.6362,301.27966,-373.22906,601.40796,301.4925,-373.24258,607.66266,301.76123,-373.23315,569.4066,299.63605,-386.91675,557.19666,299.10233,-386.9357,546.3233,298.9372,-386.91888,609.6593,309.46954,-122.973755,524.2201,309.21863,-183.70566,592.6034,350.4731,-318.9093,566.59283,352.59763,-337.06467,636.7931,455.38153,30.135094,452.10602,429.52628,-123.26347,731.5404,600.1997,-196.77287,412.94278,579.5783,-393.27798,644.12067,500.0465,-554.96405,536.1288,506.04468,-694.67993,623.1611,476.98373,-625.079,576.51416,486.80682,-766.243,616.1472,457.4968,-580.7349,576.3574,465.9953,-734.41644,617.23334,465.81067,-543.46234,567.33594,473.62555,-684.59705,565.7216,777.3249,39.722614,446.33142,761.3015,-39.83798,552.045,1011.13666,49.894222,383.8809,1005.0233,-50.987656,562.65497,1189.6912,552.5875,329.6152,1190.244,312.98196,542.06824,1211.5457,590.46716,329.99585,1206.4064,336.84164,598.6951,1273.0696,352.71246,318.68878,1279.6786,56.901604
000192.png,594.5007,320.58405,-440.72763,609.3274,298.5395,-401.46396,616.12585,299.30466,-401.52158,624.3287,300.36145,-401.5381,579.23615,297.27695,-406.4003,568.2997,297.84366,-406.4016,557.28687,298.57117,-406.35202,633.60944,312.86603,-149.88765,543.15533,307.63678,-169.40877,605.7733,352.39642,-343.83206,571.018,353.6816,-350.16135,667.7975,452.0231,-3.8514693,472.56998,428.77957,-73.03726,739.43896,600.4156,-258.63846,415.8411,575.16724,-339.19843,633.5941,501.153,-643.7906,532.2583,500.3655,-705.16046,609.3503,478.38223,-722.0374,570.122,483.80322,-786.16406,610.143,456.55862,-685.238,571.7305,461.61948,-758.27997,610.5756,465.52545,-634.8876,564.86676,468.59464,-699.1714,586.43646,768.3374,18.757004,462.00137,750.6922,-18.864307,575.80164,1011.2592,25.737495,406.7827,996.6608,-2.1243153,584.9282,1189.5977,526.24365,355.06674,1170.0397,407.78622,568.07764,1208.9131,562.5981,360.20245,1190.969,435.407,615.8346,1274.3756,306.84982,319.72617,1252.1437,155.87502
000193.png,588.67676,329.022,-407.1518,604.91125,308.9399,-368.63577,614.0272,309.68408,-368.7002,620.2057,310.4638,-368.7299,575.67346,306.84607,-367.61102,564.96356,306.77066,-367.5958,555.9111,307.58365,-367.54785,633.6404,323.41867,-130.9486,543.01697,319.0451,-121.53754,603.47736,359.18042,-315.95364,566.72705,358.81436,-313.99356,674.236,468.34943,-6.2783256,474.80325,441.03134,-29.593353,742.58594,616.61584,-249.3811,405.19403,584.0946,-288.05627,621.44855,508.69662,-576.6868,531.3369,510.47122,-643.9933,599.57416,479.58893,-647.66077,570.72076,488.8186,-726.3727,598.1432,461.2903,-610.18976,571.13696,470.22095,-695.30963,599.3396,471.28387,-566.2159,563.53394,479.72055,-637.77075,585.9769,785.2898,2.7265604,457.811,768.5319,-2.7985156,576.2951,1029.6586,15.71056,403.9635,1013.99896,22.12353,586.0008,1211.9056,498.91824,351.92007,1191.5043,410.22104,573.0753,1231.3829,533.20575,359.13043,1214.3673,436.44864,602.71606,1300.324,272.8816,310.40277,1269.1415,162.88234
000194.png,576.1712,360.86658,-448.86215,596.0596,340.55887,-416.13168,606.40094,341.23553,-416.21912,613.8796,342.14758,-416.24033,564.80786,338.11868,-410.2986,554.7718,338.11374,-410.28,547.6642,339.00812,-410.25073,630.5904,353.6453,-198.4008,539.0399,349.86432,-165.10443,594.3534,390.5884,-363.99274,555.41156,389.2661,-355.439,672.6455,495.09647,-82.94217,473.32205,466.74692,-46.594814,733.6113,645.98016,-312.91666,394.07797,608.4263,-296.43695,605.62274,535.8016,-624.3381,518.17365,536.6735,-678.071,574.92114,508.42896,-688.3387,555.19556,519.31506,-756.6916,573.6002,488.94058,-649.98846,558.23553,500.2279,-723.7237,579.29706,498.51666,-611.1265,552.6436,507.89395,-671.103,583.1253,811.4019,-24.56088,454.8373,790.0818,24.450426,574.2997,1055.0558,-29.498133,402.7433,1033.1982,85.99497,589.89636,1243.2382,400.56207,353.58984,1207.2,472.45407,580.9896,1262.8772,428.61514,361.5266,1229.053,500.0203,598.972,1336.446,167.64336,304.05917,1286.2542,251.98772
000195.png,552.9754,406.24924,-409.87457,572.65924,387.81668,-381.2598,582.4641,388.56653,-381.32062,589.14874,389.41925,-381.33368,543.9484,384.7075,-371.52997,535.2202,383.8111,-371.50217,528.6259,383.88052,-371.4654,606.89105,400.36856,-178.30083,522.7231,393.7597,-128.0864,569.52454,433.9348,-329.98352,535.1753,431.32697,-316.5674,650.8439,532.1406,-81.41138,453.44333,508.28647,2.4218733,700.8633,678.4164,-315.57767,378.77975,644.2972,-237.12767,577.8254,573.4208,-619.3191,488.9196,573.3759,-623.14246,549.5284,547.67566,-683.91986,521.5495,553.95905,-698.94617,549.353,529.5234,-647.2971,526.5883,536.34064,-670.00775,555.4505,538.4736,-606.74365,522.6469,543.97144,-618.2631,560.81604,839.38605,-46.018543,437.18463,820.3673,45.917103,550.2114,1072.9491,-58.55524,390.9826,1053.7874,159.68446,561.34656,1264.0052,306.16888,336.71622,1225.131,563.45447,554.83954,1281.0562,327.15784,347.22952,1249.8031,593.3466,569.81305,1354.4979,64.589005,280.69284,1297.6171,367.36075
000196.png,541.9967,432.93713,-429.1948,563.0685,413.55243,-404.02664,573.58673,414.65533,-404.04123,582.7806,416.23596,-404.0292,534.9059,411.02737,-391.66373,527.12335,410.05402,-391.6423,521.6374,409.78458,-391.61386,598.35657,427.47156,-215.74586,517.37036,417.36462,-154.20605,558.5378,462.32883,-354.37106,526.6375,458.36053,-337.72534,638.9341,558.59625,-126.91562,446.40866,533.03546,-17.44799,676.53595,703.48804,-384.40158,351.08832,662.24255,-262.3848,553.5635,593.9363,-713.2916,461.37753,597.5745,-667.85913,523.69086,564.7697,-781.70667,492.07187,574.78076,-745.9139,524.8324,549.90204,-740.48846,496.46646,560.6725,-712.22125,530.9155,559.8866,-698.654,493.65024,567.72284,-661.5964,543.05884,867.6877,-41.568653,420.09192,842.5434,41.359413,540.19635,1101.9524,-59.18518,368.93558,1073.7112,157.77063,543.92615,1287.8586,303.4953,318.51108,1235.3782,565.38635,535.2793,1304.8652,324.3263,328.10754,1258.8212,595.7623,543.60474,1376.8998,59.265625,262.42358,1304.4219,373.96524
000197.png,544.5813,414.1838,-399.30072,566.2241,394.1629,-375.2185,577.5671,395.8305,-375.23672,588.3439,397.86688,-375.21793,539.0785,390.5578,-359.1821,532.12384,389.60507,-359.14975,526.7218,389.2787,-359.12305,605.564,408.44562,-196.05765,524.0756,396.95343,-118.20873,562.5018,444.6559,-327.78375,529.1416,439.7764,-306.43372,645.8065,545.4108,-123.79297,453.56335,511.52972,19.454998,670.9847,693.05396,-374.40417,348.926,642.2359,-220.78758,550.0947,580.27924,-675.78564,462.71555,579.764,-627.95154,517.61926,551.4208,-744.71185,492.5951,559.8774,-705.7516,519.0896,535.20605,-698.8045,499.4061,542.9406,-674.3564,525.23376,544.8893,-658.8265,496.58252,550.61957,-622.8592,537.492,855.2522,-57.83447,413.87128,825.20514,57.639004,531.1791,1085.9917,-62.280643,366.79053,1054.2134,177.4605,533.23236,1291.8326,258.7161,305.1037,1225.3285,560.88116,525.99225,1314.8032,274.77307,312.2546,1249.8435,588.33014,514.1795,1377.4047,7.018023,246.08562,1291.0354,373.67712
000198.png,589.0615,416.86374,-463.01202,610.0977,397.20145,-444.64114,620.93695,398.53418,-444.63785,631.0031,400.13135,-444.59152,583.1351,394.69568,-424.89606,575.7589,394.0227,-424.89832,571.21985,394.262,-424.93857,650.0767,412.75488,-279.91068,570.2277,403.087,-184.26662,606.6981,448.00565,-396.08524,574.18207,445.1672,-369.44626,688.76465,554.6687,-214.9078,506.3002,518.89,-36.969173,698.9033,703.065,-473.82477,386.84372,641.5507,-292.09814,577.6883,584.3205,-779.55035,497.54977,583.9865,-714.9119,546.2093,557.64746,-849.10077,526.2622,569.0457,-790.73413,549.1509,540.4104,-804.51434,532.40173,549.51917,-758.4578,554.53796,549.56213,-762.971,530.0494,556.65784,-709.73785,568.86505,863.8092,-73.77338,448.36066,829.81647,73.481926,556.0473,1095.0725,-66.949455,394.10764,1053.2622,258.24377,551.7735,1295.1902,225.47873,330.1242,1218.485,659.1908,547.4639,1316.3134,238.70009,337.3474,1245.1711,689.4825,526.5548,1381.4114,-26.389437,264.50717,1281.2343,489.61978